"timepoint","state","y","ysl_kansas","ysl_kansas_lag1","y_lag1","latitude","longitude","total_qtrly_wages","emplvlcapita","y_lag2","ysl_kansas_lag2","y_lag3","ysl_kansas_lag3","y_lag4","ysl_kansas_lag4","y_lag5","ysl_kansas_lag5","ysl_kansas_lead1","ysl_kansas_lead2","ysl_kansas_lead3","nearst_neighbor1","nearst_neighbor2","nearst_neighbor3","nearst_neighbor4","nearst_neighbor1_lag1","nearst_neighbor2_lag1","nearst_neighbor3_lag1","nearst_neighbor4_lag1","nearst_neighbor1_lag2","nearst_neighbor2_lag2","nearst_neighbor3_lag2","nearst_neighbor4_lag2","nearst_neighbor1_lag3","nearst_neighbor2_lag3","nearst_neighbor3_lag3","nearst_neighbor4_lag3","nearst_neighbor1_lag4","nearst_neighbor2_lag4","nearst_neighbor3_lag4","nearst_neighbor4_lag4","nearst_neighbor1_lead1","nearst_neighbor2_lead1","nearst_neighbor3_lead1","nearst_neighbor4_lead1","nearst_neighbor1_lead2","nearst_neighbor2_lead2","nearst_neighbor3_lead2","nearst_neighbor4_lead2","nearst_neighbor1_lead3","nearst_neighbor2_lead3","nearst_neighbor3_lead3","nearst_neighbor4_lead3","nearst_neighbor1_lead4","nearst_neighbor2_lead4","nearst_neighbor3_lead4","nearst_neighbor4_lead4"
6,"Kansas",10.0005890420451,47.0694468935446,47.0106492678777,9.99068197328474,39.048191,-95.677956,5594217746,0.428934164027537,9.98060801061328,46.9505214461186,9.97254172665389,46.9140539366455,9.96438136414,46.8769322268688,9.95612499100046,46.8391355103399,47.1269641798616,47.183248055563,47.2271771800422,10.0449137834822,9.99180618492011,9.96807365967355,10.0439549328326,10.0358800913615,9.97912203575015,9.95340672776249,10.0286433602672,10.0266688405931,9.96623862484998,9.93846575227878,10.0130162728616,10.0222473484361,9.95815622452059,9.93205336580809,10.0019742631457,10.0177621348068,9.94998095216056,9.92558033453645,9.99075857988973,10.0537753601519,10.0042966569077,9.98247555439317,10.0589621925023,10.0624700320541,10.016598806536,9.99662098566897,10.0736757631027,10.0731301676954,10.0260649541988,10.0010821030921,10.0789453266253,10.0835604722076,10.0354151950647,10.0055088552705,10.0841648136472
7,"Kansas",10.0103338045448,47.1269641798616,47.0694468935446,10.0005890420451,39.048191,-95.677956,5469105371,0.425004313158353,9.99068197328474,47.0106492678777,9.98060801061328,46.9505214461186,9.97254172665389,46.9140539366455,9.96438136414,46.8769322268688,47.183248055563,47.2271771800422,47.2702711783977,10.0537753601519,10.0042966569077,9.98247555439317,10.0589621925023,10.0449137834822,9.99180618492011,9.96807365967355,10.0439549328326,10.0358800913615,9.97912203575015,9.95340672776249,10.0286433602672,10.0266688405931,9.96623862484998,9.93846575227878,10.0130162728616,10.0222473484361,9.95815622452059,9.93205336580809,10.0019742631457,10.0624700320541,10.016598806536,9.99662098566897,10.0736757631027,10.0731301676954,10.0260649541988,10.0010821030921,10.0789453266253,10.0835604722076,10.0354151950647,10.0055088552705,10.0841648136472,10.0937688485125,10.0446520463328,10.0099016806454,10.0893350047021
8,"Kansas",10.0199206684905,47.183248055563,47.1269641798616,10.0103338045448,39.048191,-95.677956,6020189027,0.429268080731882,10.0005890420451,47.0694468935446,9.99068197328474,47.0106492678777,9.98060801061328,46.9505214461186,9.97254172665389,46.9140539366455,47.2271771800422,47.2702711783977,47.3125610603378,10.0624700320541,10.016598806536,9.99662098566897,10.0736757631027,10.0537753601519,10.0042966569077,9.98247555439317,10.0589621925023,10.0449137834822,9.99180618492011,9.96807365967355,10.0439549328326,10.0358800913615,9.97912203575015,9.95340672776249,10.0286433602672,10.0266688405931,9.96623862484998,9.93846575227878,10.0130162728616,10.0731301676954,10.0260649541988,10.0010821030921,10.0789453266253,10.0835604722076,10.0354151950647,10.0055088552705,10.0841648136472,10.0937688485125,10.0446520463328,10.0099016806454,10.0893350047021,10.1037628204595,10.053777945162,10.0142610096542,10.094456663013
9,"Kansas",10.0265098518784,47.2271771800422,47.183248055563,10.0199206684905,39.048191,-95.677956,5658612989,0.421294501039991,10.0103338045448,47.1269641798616,10.0005890420451,47.0694468935446,9.99068197328474,47.0106492678777,9.98060801061328,46.9505214461186,47.2702711783977,47.3125610603378,47.3540759789659,10.0731301676954,10.0260649541988,10.0010821030921,10.0789453266253,10.0624700320541,10.016598806536,9.99662098566897,10.0736757631027,10.0537753601519,10.0042966569077,9.98247555439317,10.0589621925023,10.0449137834822,9.99180618492011,9.96807365967355,10.0439549328326,10.0358800913615,9.97912203575015,9.95340672776249,10.0286433602672,10.0835604722076,10.0354151950647,10.0055088552705,10.0841648136472,10.0937688485125,10.0446520463328,10.0099016806454,10.0893350047021,10.1037628204595,10.053777945162,10.0142610096542,10.094456663013,10.1162238239378,10.065957495999,10.0394183756109,10.1184187536634
10,"Kansas",10.0330249342807,47.2702711783977,47.2271771800422,10.0265098518784,39.048191,-95.677956,5885320935,0.432896721982633,10.0199206684905,47.183248055563,10.0103338045448,47.1269641798616,10.0005890420451,47.0694468935446,9.99068197328474,47.0106492678777,47.3125610603378,47.3540759789659,47.4341198174321,10.0835604722076,10.0354151950647,10.0055088552705,10.0841648136472,10.0731301676954,10.0260649541988,10.0010821030921,10.0789453266253,10.0624700320541,10.016598806536,9.99662098566897,10.0736757631027,10.0537753601519,10.0042966569077,9.98247555439317,10.0589621925023,10.0449137834822,9.99180618492011,9.96807365967355,10.0439549328326,10.0937688485125,10.0446520463328,10.0099016806454,10.0893350047021,10.1037628204595,10.053777945162,10.0142610096542,10.094456663013,10.1162238239378,10.065957495999,10.0394183756109,10.1184187536634,10.1283974071012,10.0779676725148,10.0638996415761,10.1417247698317
11,"Kansas",10.0394672946725,47.3125610603378,47.2702711783977,10.0330249342807,39.048191,-95.677956,5741176321,0.426594976571091,10.0265098518784,47.2271771800422,10.0199206684905,47.183248055563,10.0103338045448,47.1269641798616,10.0005890420451,47.0694468935446,47.3540759789659,47.4341198174321,47.5121826602793,10.0937688485125,10.0446520463328,10.0099016806454,10.0893350047021,10.0835604722076,10.0354151950647,10.0055088552705,10.0841648136472,10.0731301676954,10.0260649541988,10.0010821030921,10.0789453266253,10.0624700320541,10.016598806536,9.99662098566897,10.0736757631027,10.0537753601519,10.0042966569077,9.98247555439317,10.0589621925023,10.1037628204595,10.053777945162,10.0142610096542,10.094456663013,10.1162238239378,10.065957495999,10.0394183756109,10.1184187536634,10.1283974071012,10.0779676725148,10.0638996415761,10.1417247698317,10.140294272566,10.0898128318879,10.0877387528864,10.1644073716524
12,"Kansas",10.0458382753769,47.3540759789659,47.3125610603378,10.0394672946725,39.048191,-95.677956,6654963351,0.433162860808326,10.0330249342807,47.2702711783977,10.0265098518784,47.2271771800422,10.0199206684905,47.183248055563,10.0103338045448,47.1269641798616,47.4341198174321,47.5121826602793,47.5883547652689,10.1037628204595,10.053777945162,10.0142610096542,10.094456663013,10.0937688485125,10.0446520463328,10.0099016806454,10.0893350047021,10.0835604722076,10.0354151950647,10.0055088552705,10.0841648136472,10.0731301676954,10.0260649541988,10.0010821030921,10.0789453266253,10.0624700320541,10.016598806536,9.99662098566897,10.0736757631027,10.1162238239378,10.065957495999,10.0394183756109,10.1184187536634,10.1283974071012,10.0779676725148,10.0638996415761,10.1417247698317,10.140294272566,10.0898128318879,10.0877387528864,10.1644073716524,10.1519245634187,10.1014971660473,10.1109671656654,10.1864968521702
13,"Kansas",10.0617804085997,47.4341198174321,47.3540759789659,10.0458382753769,39.048191,-95.677956,5711912416,0.422994114066095,10.0394672946725,47.3125610603378,10.0330249342807,47.2702711783977,10.0265098518784,47.2271771800422,10.0199206684905,47.183248055563,47.5121826602793,47.5883547652689,47.6627202624942,10.1162238239378,10.065957495999,10.0394183756109,10.1184187536634,10.1037628204595,10.053777945162,10.0142610096542,10.094456663013,10.0937688485125,10.0446520463328,10.0099016806454,10.0893350047021,10.0835604722076,10.0354151950647,10.0055088552705,10.0841648136472,10.0731301676954,10.0260649541988,10.0010821030921,10.0789453266253,10.1283974071012,10.0779676725148,10.0638996415761,10.1417247698317,10.140294272566,10.0898128318879,10.0877387528864,10.1644073716524,10.1519245634187,10.1014971660473,10.1109671656654,10.1864968521702,10.1631539172701,10.1145503258248,10.1200584524149,10.1929549628611
14,"Kansas",10.0773997340258,47.5121826602793,47.4341198174321,10.0617804085997,39.048191,-95.677956,6151958551,0.436190259515451,10.0458382753769,47.3540759789659,10.0394672946725,47.3125610603378,10.0330249342807,47.2702711783977,10.0265098518784,47.2271771800422,47.5883547652689,47.6627202624942,47.7099601322354,10.1283974071012,10.0779676725148,10.0638996415761,10.1417247698317,10.1162238239378,10.065957495999,10.0394183756109,10.1184187536634,10.1037628204595,10.053777945162,10.0142610096542,10.094456663013,10.0937688485125,10.0446520463328,10.0099016806454,10.0893350047021,10.0835604722076,10.0354151950647,10.0055088552705,10.0841648136472,10.140294272566,10.0898128318879,10.0877387528864,10.1644073716524,10.1519245634187,10.1014971660473,10.1109671656654,10.1864968521702,10.1631539172701,10.1145503258248,10.1200584524149,10.1929549628611,10.1741424052608,10.1274182936586,10.1290417518286,10.1993367983562
15,"Kansas",10.0927078070203,47.5883547652689,47.5121826602793,10.0773997340258,39.048191,-95.677956,6120014988,0.430641261733365,10.0617804085997,47.4341198174321,10.0458382753769,47.3540759789659,10.0394672946725,47.3125610603378,10.0330249342807,47.2702711783977,47.6627202624942,47.7099601322354,47.7563629308396,10.140294272566,10.0898128318879,10.0877387528864,10.1644073716524,10.1283974071012,10.0779676725148,10.0638996415761,10.1417247698317,10.1162238239378,10.065957495999,10.0394183756109,10.1184187536634,10.1037628204595,10.053777945162,10.0142610096542,10.094456663013,10.0937688485125,10.0446520463328,10.0099016806454,10.0893350047021,10.1519245634187,10.1014971660473,10.1109671656654,10.1864968521702,10.1631539172701,10.1145503258248,10.1200584524149,10.1929549628611,10.1741424052608,10.1274182936586,10.1290417518286,10.1993367983562,10.1848983375266,10.140106026062,10.1379193326951,10.2056438297154
16,"Kansas",10.1077155809117,47.6627202624942,47.5883547652689,10.0927078070203,39.048191,-95.677956,6835276364,0.435545530823236,10.0773997340258,47.5121826602793,10.0617804085997,47.4341198174321,10.0458382753769,47.3540759789659,10.0394672946725,47.3125610603378,47.7099601322354,47.7563629308396,47.8019561113862,10.1519245634187,10.1014971660473,10.1109671656654,10.1864968521702,10.140294272566,10.0898128318879,10.0877387528864,10.1644073716524,10.1283974071012,10.0779676725148,10.0638996415761,10.1417247698317,10.1162238239378,10.065957495999,10.0394183756109,10.1184187536634,10.1037628204595,10.053777945162,10.0142610096542,10.094456663013,10.1631539172701,10.1145503258248,10.1200584524149,10.1929549628611,10.1741424052608,10.1274182936586,10.1290417518286,10.1993367983562,10.1848983375266,10.140106026062,10.1379193326951,10.2056438297154,10.1954296222717,10.1526182836033,10.1466933940451,10.2118774877601
17,"Kansas",10.1135132521937,47.7099601322354,47.6627202624942,10.1077155809117,39.048191,-95.677956,6114470204,0.429737678774208,10.0927078070203,47.5883547652689,10.0773997340258,47.5121826602793,10.0617804085997,47.4341198174321,10.0458382753769,47.3540759789659,47.7563629308396,47.8019561113862,47.8467657479853,10.1631539172701,10.1145503258248,10.1200584524149,10.1929549628611,10.1519245634187,10.1014971660473,10.1109671656654,10.1864968521702,10.140294272566,10.0898128318879,10.0877387528864,10.1644073716524,10.1283974071012,10.0779676725148,10.0638996415761,10.1417247698317,10.1162238239378,10.065957495999,10.0394183756109,10.1184187536634,10.1741424052608,10.1274182936586,10.1290417518286,10.1993367983562,10.1848983375266,10.140106026062,10.1379193326951,10.2056438297154,10.1954296222717,10.1526182836033,10.1466933940451,10.2118774877601,10.211742117762,10.1617151075843,10.1648293241345,10.2307152051972
18,"Kansas",10.1192547706419,47.7563629308396,47.7099601322354,10.1135132521937,39.048191,-95.677956,6483984651,0.443097473291393,10.1077155809117,47.6627202624942,10.0927078070203,47.5883547652689,10.0773997340258,47.5121826602793,10.0617804085997,47.4341198174321,47.8019561113862,47.8467657479853,47.9099398613475,10.1741424052608,10.1274182936586,10.1290417518286,10.1993367983562,10.1631539172701,10.1145503258248,10.1200584524149,10.1929549628611,10.1519245634187,10.1014971660473,10.1109671656654,10.1864968521702,10.140294272566,10.0898128318879,10.0877387528864,10.1644073716524,10.1283974071012,10.0779676725148,10.0638996415761,10.1417247698317,10.1848983375266,10.140106026062,10.1379193326951,10.2056438297154,10.1954296222717,10.1526182836033,10.1466933940451,10.2118774877601,10.211742117762,10.1617151075843,10.1648293241345,10.2307152051972,10.2276341252102,10.1707218170131,10.1826034033913,10.2491124934914
19,"Kansas",10.1249410413965,47.8019561113862,47.7563629308396,10.1192547706419,39.048191,-95.677956,6524594266,0.441213389121339,10.1135132521937,47.7099601322354,10.1077155809117,47.6627202624942,10.0927078070203,47.5883547652689,10.0773997340258,47.5121826602793,47.8467657479853,47.9099398613475,47.9718500499,10.1848983375266,10.140106026062,10.1379193326951,10.2056438297154,10.1741424052608,10.1274182936586,10.1290417518286,10.1993367983562,10.1631539172701,10.1145503258248,10.1200584524149,10.1929549628611,10.1519245634187,10.1014971660473,10.1109671656654,10.1864968521702,10.140294272566,10.0898128318879,10.0877387528864,10.1644073716524,10.1954296222717,10.1526182836033,10.1466933940451,10.2118774877601,10.211742117762,10.1617151075843,10.1648293241345,10.2307152051972,10.2276341252102,10.1707218170131,10.1826034033913,10.2491124934914,10.2431236278897,10.1796401042873,10.2000290802973,10.2670876277407
20,"Kansas",10.1305729486881,47.8467657479853,47.8019561113862,10.1249410413965,39.048191,-95.677956,6967704032,0.446347714243211,10.1192547706419,47.7563629308396,10.1135132521937,47.7099601322354,10.1077155809117,47.6627202624942,10.0927078070203,47.5883547652689,47.9099398613475,47.9718500499,48.03254381288,10.1954296222717,10.1526182836033,10.1466933940451,10.2118774877601,10.1848983375266,10.140106026062,10.1379193326951,10.2056438297154,10.1741424052608,10.1274182936586,10.1290417518286,10.1993367983562,10.1631539172701,10.1145503258248,10.1200584524149,10.1929549628611,10.1519245634187,10.1014971660473,10.1109671656654,10.1864968521702,10.211742117762,10.1617151075843,10.1648293241345,10.2307152051972,10.2276341252102,10.1707218170131,10.1826034033913,10.2491124934914,10.2431236278897,10.1796401042873,10.2000290802973,10.2670876277407,10.2582275160478,10.1884716146675,10.2171190693854,10.284657780635
21,"Kansas",10.145732699531,47.9099398613475,47.8467657479853,10.1305729486881,39.048191,-95.677956,6692928218,0.440708284650266,10.1249410413965,47.8019561113862,10.1192547706419,47.7563629308396,10.1135132521937,47.7099601322354,10.1077155809117,47.6627202624942,47.9718500499,48.03254381288,48.0920659038733,10.211742117762,10.1617151075843,10.1648293241345,10.2307152051972,10.1954296222717,10.1526182836033,10.1466933940451,10.2118774877601,10.1848983375266,10.140106026062,10.1379193326951,10.2056438297154,10.1741424052608,10.1274182936586,10.1290417518286,10.1993367983562,10.1631539172701,10.1145503258248,10.1200584524149,10.1929549628611,10.2276341252102,10.1707218170131,10.1826034033913,10.2491124934914,10.2431236278897,10.1796401042873,10.2000290802973,10.2670876277407,10.2582275160478,10.1884716146675,10.2171190693854,10.284657780635,10.2811943145381,10.2116237212329,10.2317422630958,10.2908847574972
22,"Kansas",10.1606275593171,47.9718500499,47.9099398613475,10.145732699531,39.048191,-95.677956,6854528819,0.451607211851127,10.1305729486881,47.8467657479853,10.1249410413965,47.8019561113862,10.1192547706419,47.7563629308396,10.1135132521937,47.7099601322354,48.03254381288,48.0920659038733,48.1607233768204,10.2276341252102,10.1707218170131,10.1826034033913,10.2491124934914,10.211742117762,10.1617151075843,10.1648293241345,10.2307152051972,10.1954296222717,10.1526182836033,10.1466933940451,10.2118774877601,10.1848983375266,10.140106026062,10.1379193326951,10.2056438297154,10.1741424052608,10.1274182936586,10.1290417518286,10.1993367983562,10.2431236278897,10.1796401042873,10.2000290802973,10.2670876277407,10.2582275160478,10.1884716146675,10.2171190693854,10.284657780635,10.2811943145381,10.2116237212329,10.2317422630958,10.2908847574972,10.3034182157785,10.2342451881307,10.2461271281511,10.297049921564
23,"Kansas",10.1752660207053,48.03254381288,47.9718500499,10.1606275593171,39.048191,-95.677956,6714027953,0.446775460332391,10.145732699531,47.9099398613475,10.1305729486881,47.8467657479853,10.1249410413965,47.8019561113862,10.1192547706419,47.7563629308396,48.0920659038733,48.1607233768204,48.2273955085134,10.2431236278897,10.1796401042873,10.2000290802973,10.2670876277407,10.2276341252102,10.1707218170131,10.1826034033913,10.2491124934914,10.211742117762,10.1617151075843,10.1648293241345,10.2307152051972,10.1954296222717,10.1526182836033,10.1466933940451,10.2118774877601,10.1848983375266,10.140106026062,10.1379193326951,10.2056438297154,10.2582275160478,10.1884716146675,10.2171190693854,10.284657780635,10.2811943145381,10.2116237212329,10.2317422630958,10.2908847574972,10.3034182157785,10.2342451881307,10.2461271281511,10.297049921564,10.324939924326,10.2563596475161,10.2602808966088,10.3031543041217
24,"Kansas",10.189656176483,48.0920659038733,48.03254381288,10.1752660207053,39.048191,-95.677956,7436661993,0.454752307931762,10.1606275593171,47.9718500499,10.145732699531,47.9099398613475,10.1305729486881,47.8467657479853,10.1249410413965,47.8019561113862,48.1607233768204,48.2273955085134,48.2921838101666,10.2582275160478,10.1884716146675,10.2171190693854,10.284657780635,10.2431236278897,10.1796401042873,10.2000290802973,10.2670876277407,10.2276341252102,10.1707218170131,10.1826034033913,10.2491124934914,10.211742117762,10.1617151075843,10.1648293241345,10.2307152051972,10.1954296222717,10.1526182836033,10.1466933940451,10.2118774877601,10.2811943145381,10.2116237212329,10.2317422630958,10.2908847574972,10.3034182157785,10.2342451881307,10.2461271281511,10.297049921564,10.324939924326,10.2563596475161,10.2602808966088,10.3031543041217,10.3457969602087,10.2779891872399,10.2742104773437,10.3091989116908
25,"Kansas",10.2074310724477,48.1607233768204,48.0920659038733,10.189656176483,39.048191,-95.677956,7161988123,0.448812557195861,10.1752660207053,48.03254381288,10.1606275593171,47.9718500499,10.145732699531,47.9099398613475,10.1305729486881,47.8467657479853,48.2273955085134,48.2921838101666,48.3551812738505,10.2811943145381,10.2116237212329,10.2317422630958,10.2908847574972,10.2582275160478,10.1884716146675,10.2171190693854,10.284657780635,10.2431236278897,10.1796401042873,10.2000290802973,10.2670876277407,10.2276341252102,10.1707218170131,10.1826034033913,10.2491124934914,10.211742117762,10.1617151075843,10.1648293241345,10.2307152051972,10.3034182157785,10.2342451881307,10.2461271281511,10.297049921564,10.324939924326,10.2563596475161,10.2602808966088,10.3031543041217,10.3457969602087,10.2779891872399,10.2742104773437,10.3091989116908,10.3541537235049,10.2902629022621,10.2787212198256,10.3166304085448
26,"Kansas",10.2248271397315,48.2273955085134,48.1607233768204,10.2074310724477,39.048191,-95.677956,7329010644,0.462038482085139,10.189656176483,48.0920659038733,10.1752660207053,48.03254381288,10.1606275593171,47.9718500499,10.145732699531,47.9099398613475,48.2921838101666,48.3551812738505,48.3980013568316,10.3034182157785,10.2342451881307,10.2461271281511,10.297049921564,10.2811943145381,10.2116237212329,10.2317422630958,10.2908847574972,10.2582275160478,10.1884716146675,10.2171190693854,10.284657780635,10.2431236278897,10.1796401042873,10.2000290802973,10.2670876277407,10.2276341252102,10.1707218170131,10.1826034033913,10.2491124934914,10.324939924326,10.2563596475161,10.2602808966088,10.3031543041217,10.3457969602087,10.2779891872399,10.2742104773437,10.3091989116908,10.3541537235049,10.2902629022621,10.2787212198256,10.3166304085448,10.3623549211596,10.3023790039204,10.2832026183555,10.3239866634978
27,"Kansas",10.2418589118708,48.2921838101666,48.2273955085134,10.2248271397315,39.048191,-95.677956,7176493990,0.456621267239712,10.2074310724477,48.1607233768204,10.189656176483,48.0920659038733,10.1752660207053,48.03254381288,10.1606275593171,47.9718500499,48.3551812738505,48.3980013568316,48.4400690140391,10.324939924326,10.2563596475161,10.2602808966088,10.3031543041217,10.3034182157785,10.2342451881307,10.2461271281511,10.297049921564,10.2811943145381,10.2116237212329,10.2317422630958,10.2908847574972,10.2582275160478,10.1884716146675,10.2171190693854,10.284657780635,10.2431236278897,10.1796401042873,10.2000290802973,10.2670876277407,10.3457969602087,10.2779891872399,10.2742104773437,10.3091989116908,10.3541537235049,10.2902629022621,10.2787212198256,10.3166304085448,10.3623549211596,10.3023790039204,10.2832026183555,10.3239866634978,10.3704051252977,10.3143413813506,10.2876550029083,10.3312690095577
28,"Kansas",10.2585401083835,48.3551812738505,48.2921838101666,10.2418589118708,39.048191,-95.677956,7941766198,0.4646337332853,10.2248271397315,48.2273955085134,10.2074310724477,48.1607233768204,10.189656176483,48.0920659038733,10.1752660207053,48.03254381288,48.3980013568316,48.4400690140391,48.4814083248934,10.3457969602087,10.2779891872399,10.2742104773437,10.3091989116908,10.324939924326,10.2563596475161,10.2602808966088,10.3031543041217,10.3034182157785,10.2342451881307,10.2461271281511,10.297049921564,10.2811943145381,10.2116237212329,10.2317422630958,10.2908847574972,10.2582275160478,10.1884716146675,10.2171190693854,10.284657780635,10.3541537235049,10.2902629022621,10.2787212198256,10.3166304085448,10.3623549211596,10.3023790039204,10.2832026183555,10.3239866634978,10.3704051252977,10.3143413813506,10.2876550029083,10.3312690095577,10.3783087216368,10.3261537816055,10.2920786980498,10.3384787452394
29,"Kansas",10.2691801764026,48.3980013568316,48.3551812738505,10.2585401083835,39.048191,-95.677956,7570973008,0.457882972108341,10.2418589118708,48.2921838101666,10.2248271397315,48.2273955085134,10.2074310724477,48.1607233768204,10.189656176483,48.0920659038733,48.4400690140391,48.4814083248934,48.5220420784638,10.3541537235049,10.2902629022621,10.2787212198256,10.3166304085448,10.3457969602087,10.2779891872399,10.2742104773437,10.3091989116908,10.324939924326,10.2563596475161,10.2602808966088,10.3031543041217,10.3034182157785,10.2342451881307,10.2461271281511,10.297049921564,10.2811943145381,10.2116237212329,10.2317422630958,10.2908847574972,10.3623549211596,10.3023790039204,10.2832026183555,10.3239866634978,10.3704051252977,10.3143413813506,10.2876550029083,10.3312690095577,10.3783087216368,10.3261537816055,10.2920786980498,10.3384787452394,10.3869216724953,10.3370069099373,10.2997255459695,10.3458252936087
30,"Kansas",10.2796581794108,48.4400690140391,48.3980013568316,10.2691801764026,39.048191,-95.677956,7858506530,0.473368757323083,10.2585401083835,48.3551812738505,10.2418589118708,48.2921838101666,10.2248271397315,48.2273955085134,10.2074310724477,48.1607233768204,48.4814083248934,48.5220420784638,48.5733138663473,10.3623549211596,10.3023790039204,10.2832026183555,10.3239866634978,10.3541537235049,10.2902629022621,10.2787212198256,10.3166304085448,10.3457969602087,10.2779891872399,10.2742104773437,10.3091989116908,10.324939924326,10.2563596475161,10.2602808966088,10.3031543041217,10.3034182157785,10.2342451881307,10.2461271281511,10.297049921564,10.3704051252977,10.3143413813506,10.2876550029083,10.3312690095577,10.3783087216368,10.3261537816055,10.2920786980498,10.3384787452394,10.3869216724953,10.3370069099373,10.2997255459695,10.3458252936087,10.3953773904007,10.3477356105554,10.3072951889397,10.3530991430986
31,"Kansas",10.2899783544824,48.4814083248934,48.4400690140391,10.2796581794108,39.048191,-95.677956,7799991214,0.471664882264045,10.2691801764026,48.3980013568316,10.2585401083835,48.3551812738505,10.2418589118708,48.2921838101666,10.2248271397315,48.2273955085134,48.5220420784638,48.5733138663473,48.6237221472917,10.3704051252977,10.3143413813506,10.2876550029083,10.3312690095577,10.3623549211596,10.3023790039204,10.2832026183555,10.3239866634978,10.3541537235049,10.2902629022621,10.2787212198256,10.3166304085448,10.3457969602087,10.2779891872399,10.2742104773437,10.3091989116908,10.324939924326,10.2563596475161,10.2602808966088,10.3031543041217,10.3783087216368,10.3261537816055,10.2920786980498,10.3384787452394,10.3869216724953,10.3370069099373,10.2997255459695,10.3458252936087,10.3953773904007,10.3477356105554,10.3072951889397,10.3530991430986,10.4036804361319,10.3583426180712,10.3147890039438,10.3603015571074
32,"Kansas",10.3001447783612,48.5220420784638,48.4814083248934,10.2899783544824,39.048191,-95.677956,8700992837,0.477192329420709,10.2796581794108,48.4400690140391,10.2691801764026,48.3980013568316,10.2585401083835,48.3551812738505,10.2418589118708,48.2921838101666,48.5733138663473,48.6237221472917,48.6732952396021,10.3783087216368,10.3261537816055,10.2920786980498,10.3384787452394,10.3704051252977,10.3143413813506,10.2876550029083,10.3312690095577,10.3623549211596,10.3023790039204,10.2832026183555,10.3239866634978,10.3541537235049,10.2902629022621,10.2787212198256,10.3166304085448,10.3457969602087,10.2779891872399,10.2742104773437,10.3091989116908,10.3869216724953,10.3370069099373,10.2997255459695,10.3458252936087,10.3953773904007,10.3477356105554,10.3072951889397,10.3530991430986,10.4036804361319,10.3583426180712,10.3147890039438,10.3603015571074,10.4118351861792,10.3688305780157,10.322208331996,10.3674337669257
33,"Kansas",10.3095560983317,48.5733138663473,48.5220420784638,10.3001447783612,39.048191,-95.677956,8135337470,0.471139821448662,10.2899783544824,48.4814083248934,10.2796581794108,48.4400690140391,10.2691801764026,48.3980013568316,10.2585401083835,48.3551812738505,48.6237221472917,48.6732952396021,48.7220599926601,10.3869216724953,10.3370069099373,10.2997255459695,10.3458252936087,10.3783087216368,10.3261537816055,10.2920786980498,10.3384787452394,10.3704051252977,10.3143413813506,10.2876550029083,10.3312690095577,10.3623549211596,10.3023790039204,10.2832026183555,10.3239866634978,10.3541537235049,10.2902629022621,10.2787212198256,10.3166304085448,10.3953773904007,10.3477356105554,10.3072951889397,10.3530991430986,10.4036804361319,10.3583426180712,10.3147890039438,10.3603015571074,10.4118351861792,10.3688305780157,10.322208331996,10.3674337669257,10.4217668979124,10.3709926676229,10.3290650537655,10.3736669835962
34,"Kansas",10.3188488340505,48.6237221472917,48.5733138663473,10.3095560983317,39.048191,-95.677956,8510180126,0.48422840042381,10.3001447783612,48.5220420784638,10.2899783544824,48.4814083248934,10.2796581794108,48.4400690140391,10.2691801764026,48.3980013568316,48.6732952396021,48.7220599926601,48.740300891992,10.3953773904007,10.3477356105554,10.3072951889397,10.3530991430986,10.3869216724953,10.3370069099373,10.2997255459695,10.3458252936087,10.3783087216368,10.3261537816055,10.2920786980498,10.3384787452394,10.3704051252977,10.3143413813506,10.2876550029083,10.3312690095577,10.3623549211596,10.3023790039204,10.2832026183555,10.3239866634978,10.4036804361319,10.3583426180712,10.3147890039438,10.3603015571074,10.4118351861792,10.3688305780157,10.322208331996,10.3674337669257,10.4217668979124,10.3709926676229,10.3290650537655,10.3736669835962,10.431509855852,10.3731483045468,10.3358618092976,10.3798452286031
35,"Kansas",10.3280256065393,48.6732952396021,48.6237221472917,10.3188488340505,39.048191,-95.677956,8340237792,0.479474811710298,10.3095560983317,48.5733138663473,10.3001447783612,48.5220420784638,10.2899783544824,48.4814083248934,10.2796581794108,48.4400690140391,48.7220599926601,48.740300891992,48.7581073380419,10.4036804361319,10.3583426180712,10.3147890039438,10.3603015571074,10.3953773904007,10.3477356105554,10.3072951889397,10.3530991430986,10.3869216724953,10.3370069099373,10.2997255459695,10.3458252936087,10.3783087216368,10.3261537816055,10.2920786980498,10.3384787452394,10.3704051252977,10.3143413813506,10.2876550029083,10.3312690095577,10.4118351861792,10.3688305780157,10.322208331996,10.3674337669257,10.4217668979124,10.3709926676229,10.3290650537655,10.3736669835962,10.431509855852,10.3731483045468,10.3358618092976,10.3798452286031,10.4410698398436,10.3752975226169,10.3425995367856,10.3859693423312
36,"Kansas",10.3370889522706,48.7220599926601,48.6732952396021,10.3280256065393,39.048191,-95.677956,9439470128,0.487952504883934,10.3188488340505,48.6237221472917,10.3095560983317,48.5733138663473,10.3001447783612,48.5220420784638,10.2899783544824,48.4814083248934,48.740300891992,48.7581073380419,48.7754942137822,10.4118351861792,10.3688305780157,10.322208331996,10.3674337669257,10.4036804361319,10.3583426180712,10.3147890039438,10.3603015571074,10.3953773904007,10.3477356105554,10.3072951889397,10.3530991430986,10.3869216724953,10.3370069099373,10.2997255459695,10.3458252936087,10.3783087216368,10.3261537816055,10.2920786980498,10.3384787452394,10.4217668979124,10.3709926676229,10.3290650537655,10.3736669835962,10.431509855852,10.3731483045468,10.3358618092976,10.3798452286031,10.4410698398436,10.3752975226169,10.3425995367856,10.3859693423312,10.4504523811846,10.3774403554027,10.3492791528368,10.3920401464417
37,"Kansas",10.3385999145544,48.740300891992,48.7220599926601,10.3370889522706,39.048191,-95.677956,8503563666,0.476110309204191,10.3280256065393,48.6732952396021,10.3188488340505,48.6237221472917,10.3095560983317,48.5733138663473,10.3001447783612,48.5220420784638,48.7581073380419,48.7754942137822,48.7924753745563,10.4217668979124,10.3709926676229,10.3290650537655,10.3736669835962,10.4118351861792,10.3688305780157,10.322208331996,10.3674337669257,10.4036804361319,10.3583426180712,10.3147890039438,10.3603015571074,10.3953773904007,10.3477356105554,10.3072951889397,10.3530991430986,10.3869216724953,10.3370069099373,10.2997255459695,10.3458252936087,10.431509855852,10.3731483045468,10.3358618092976,10.3798452286031,10.4410698398436,10.3752975226169,10.3425995367856,10.3859693423312,10.4504523811846,10.3774403554027,10.3492791528368,10.3920401464417,10.4532115797072,10.3867753394398,10.3537480811049,10.4011719478192
38,"Kansas",10.3401042915726,48.7581073380419,48.740300891992,10.3385999145544,39.048191,-95.677956,8962900263,0.48813317929161,10.3370889522706,48.7220599926601,10.3280256065393,48.6732952396021,10.3188488340505,48.6237221472917,10.3095560983317,48.5733138663473,48.7754942137822,48.7924753745563,48.8203900161387,10.431509855852,10.3731483045468,10.3358618092976,10.3798452286031,10.4217668979124,10.3709926676229,10.3290650537655,10.3736669835962,10.4118351861792,10.3688305780157,10.322208331996,10.3674337669257,10.4036804361319,10.3583426180712,10.3147890039438,10.3603015571074,10.3953773904007,10.3477356105554,10.3072951889397,10.3530991430986,10.4410698398436,10.3752975226169,10.3425995367856,10.3859693423312,10.4504523811846,10.3774403554027,10.3492791528368,10.3920401464417,10.4532115797072,10.3867753394398,10.3537480811049,10.4011719478192,10.4559387968802,10.3960184456146,10.3581949076924,10.4102053300836
39,"Kansas",10.3416021279737,48.7754942137822,48.7581073380419,10.3401042915726,39.048191,-95.677956,8877027170,0.482868979676605,10.3385999145544,48.740300891992,10.3370889522706,48.7220599926601,10.3280256065393,48.6732952396021,10.3188488340505,48.6237221472917,48.7924753745563,48.8203900161387,48.8479857602987,10.4410698398436,10.3752975226169,10.3425995367856,10.3859693423312,10.431509855852,10.3731483045468,10.3358618092976,10.3798452286031,10.4217668979124,10.3709926676229,10.3290650537655,10.3736669835962,10.4118351861792,10.3688305780157,10.322208331996,10.3674337669257,10.4036804361319,10.3583426180712,10.3147890039438,10.3603015571074,10.4504523811846,10.3774403554027,10.3492791528368,10.3920401464417,10.4532115797072,10.3867753394398,10.3537480811049,10.4011719478192,10.4559387968802,10.3960184456146,10.3581949076924,10.4102053300836,10.4586345955024,10.4051714128169,10.3626198397976,10.4191422384943
40,"Kansas",10.3430934679898,48.7924753745563,48.7754942137822,10.3416021279737,39.048191,-95.677956,10141411541,0.489582067964691,10.3401042915726,48.7581073380419,10.3385999145544,48.740300891992,10.3370889522706,48.7220599926601,10.3280256065393,48.6732952396021,48.8203900161387,48.8479857602987,48.8752699405816,10.4504523811846,10.3774403554027,10.3492791528368,10.3920401464417,10.4410698398436,10.3752975226169,10.3425995367856,10.3859693423312,10.431509855852,10.3731483045468,10.3358618092976,10.3798452286031,10.4217668979124,10.3709926676229,10.3290650537655,10.3736669835962,10.4118351861792,10.3688305780157,10.322208331996,10.3674337669257,10.4532115797072,10.3867753394398,10.3537480811049,10.4011719478192,10.4559387968802,10.3960184456146,10.3581949076924,10.4102053300836,10.4586345955024,10.4051714128169,10.3626198397976,10.4191422384943,10.4612995250232,10.4142359310782,10.3670230817259,10.4279845615664
41,"Kansas",10.3520358948276,48.8203900161387,48.7924753745563,10.3430934679898,39.048191,-95.677956,9347141056,0.479557032427621,10.3416021279737,48.7754942137822,10.3401042915726,48.7581073380419,10.3385999145544,48.740300891992,10.3370889522706,48.7220599926601,48.8479857602987,48.8752699405816,48.9022496067608,10.4532115797072,10.3867753394398,10.3537480811049,10.4011719478192,10.4504523811846,10.3774403554027,10.3492791528368,10.3920401464417,10.4410698398436,10.3752975226169,10.3425995367856,10.3859693423312,10.431509855852,10.3731483045468,10.3358618092976,10.3798452286031,10.4217668979124,10.3709926676229,10.3290650537655,10.3736669835962,10.4559387968802,10.3960184456146,10.3581949076924,10.4102053300836,10.4586345955024,10.4051714128169,10.3626198397976,10.4191422384943,10.4612995250232,10.4142359310782,10.3670230817259,10.4279845615664,10.4665198682344,10.4251147015506,10.3801869366171,10.4389200911089
42,"Kansas",10.3608851935452,48.8479857602987,48.8203900161387,10.3520358948276,39.048191,-95.677956,9569081701,0.493283274004961,10.3430934679898,48.7924753745563,10.3416021279737,48.7754942137822,10.3401042915726,48.7581073380419,10.3385999145544,48.740300891992,48.8752699405816,48.9022496067608,48.9433719734184,10.4559387968802,10.3960184456146,10.3581949076924,10.4102053300836,10.4532115797072,10.3867753394398,10.3537480811049,10.4011719478192,10.4504523811846,10.3774403554027,10.3492791528368,10.3920401464417,10.4410698398436,10.3752975226169,10.3425995367856,10.3859693423312,10.431509855852,10.3731483045468,10.3358618092976,10.3798452286031,10.4586345955024,10.4051714128169,10.3626198397976,10.4191422384943,10.4612995250232,10.4142359310782,10.3670230817259,10.4279845615664,10.4665198682344,10.4251147015506,10.3801869366171,10.4389200911089,10.4716684554509,10.4358624633241,10.3931748309328,10.4497109422964
43,"Kansas",10.3696431525479,48.8752699405816,48.8479857602987,10.3608851935452,39.048191,-95.677956,9540472036,0.484614544937649,10.3520358948276,48.8203900161387,10.3430934679898,48.7924753745563,10.3416021279737,48.7754942137822,10.3401042915726,48.7581073380419,48.9022496067608,48.9433719734184,48.9839450129781,10.4586345955024,10.4051714128169,10.3626198397976,10.4191422384943,10.4559387968802,10.3960184456146,10.3581949076924,10.4102053300836,10.4532115797072,10.3867753394398,10.3537480811049,10.4011719478192,10.4504523811846,10.3774403554027,10.3492791528368,10.3920401464417,10.4410698398436,10.3752975226169,10.3425995367856,10.3859693423312,10.4612995250232,10.4142359310782,10.3670230817259,10.4279845615664,10.4665198682344,10.4251147015506,10.3801869366171,10.4389200911089,10.4716684554509,10.4358624633241,10.3931748309328,10.4497109422964,10.4767468229077,10.4464821785008,10.4059913432323,10.4603605834433
44,"Kansas",10.3783115094953,48.9022496067608,48.8752699405816,10.3696431525479,39.048191,-95.677956,10105159012,0.491072653475327,10.3608851935452,48.8479857602987,10.3520358948276,48.8203900161387,10.3430934679898,48.7924753745563,10.3416021279737,48.7754942137822,48.9433719734184,48.9839450129781,49.0239822514543,10.4612995250232,10.4142359310782,10.3670230817259,10.4279845615664,10.4586345955024,10.4051714128169,10.3626198397976,10.4191422384943,10.4559387968802,10.3960184456146,10.3581949076924,10.4102053300836,10.4532115797072,10.3867753394398,10.3537480811049,10.4011719478192,10.4504523811846,10.3774403554027,10.3492791528368,10.3920401464417,10.4665198682344,10.4251147015506,10.3801869366171,10.4389200911089,10.4716684554509,10.4358624633241,10.3931748309328,10.4497109422964,10.4767468229077,10.4464821785008,10.4059913432323,10.4603605834433,10.4817564615958,10.4569767101267,10.4186408756986,10.4708723606337
45,"Kansas",10.3847729598037,48.9433719734184,48.9022496067608,10.3783115094953,39.048191,-95.677956,9830452713,0.48523207219503,10.3696431525479,48.8752699405816,10.3608851935452,48.8479857602987,10.3520358948276,48.8203900161387,10.3430934679898,48.7924753745563,48.9839450129781,49.0239822514543,49.0634967047876,10.4665198682344,10.4251147015506,10.3801869366171,10.4389200911089,10.4612995250232,10.4142359310782,10.3670230817259,10.4279845615664,10.4586345955024,10.4051714128169,10.3626198397976,10.4191422384943,10.4559387968802,10.3960184456146,10.3581949076924,10.4102053300836,10.4532115797072,10.3867753394398,10.3537480811049,10.4011719478192,10.4716684554509,10.4358624633241,10.3931748309328,10.4497109422964,10.4767468229077,10.4464821785008,10.4059913432323,10.4603605834433,10.4817564615958,10.4569767101267,10.4186408756986,10.4708723606337,10.4905750420726,10.4682557729771,10.4301742719095,10.4889940207575
46,"Kansas",10.3911794887841,48.9839450129781,48.9433719734184,10.3847729598037,39.048191,-95.677956,9864915781,0.493117342378541,10.3783115094953,48.9022496067608,10.3696431525479,48.8752699405816,10.3608851935452,48.8479857602987,10.3520358948276,48.8203900161387,49.0239822514543,49.0634967047876,49.117966140306,10.4716684554509,10.4358624633241,10.3931748309328,10.4497109422964,10.4665198682344,10.4251147015506,10.3801869366171,10.4389200911089,10.4612995250232,10.4142359310782,10.3670230817259,10.4279845615664,10.4586345955024,10.4051714128169,10.3626198397976,10.4191422384943,10.4559387968802,10.3960184456146,10.3581949076924,10.4102053300836,10.4767468229077,10.4464821785008,10.4059913432323,10.4603605834433,10.4817564615958,10.4569767101267,10.4186408756986,10.4708723606337,10.4905750420726,10.4682557729771,10.4301742719095,10.4889940207575,10.499248729274,10.4793894501892,10.4415611828526,10.5067404500773
47,"Kansas",10.3975319235236,49.0239822514543,48.9839450129781,10.3911794887841,39.048191,-95.677956,9704907858,0.483799099789618,10.3847729598037,48.9433719734184,10.3783115094953,48.9022496067608,10.3696431525479,48.8752699405816,10.3608851935452,48.8479857602987,49.0634967047876,49.117966140306,49.1715674446645,10.4767468229077,10.4464821785008,10.4059913432323,10.4603605834433,10.4716684554509,10.4358624633241,10.3931748309328,10.4497109422964,10.4665198682344,10.4251147015506,10.3801869366171,10.4389200911089,10.4612995250232,10.4142359310782,10.3670230817259,10.4279845615664,10.4586345955024,10.4051714128169,10.3626198397976,10.4191422384943,10.4817564615958,10.4569767101267,10.4186408756986,10.4708723606337,10.4905750420726,10.4682557729771,10.4301742719095,10.4889940207575,10.499248729274,10.4793894501892,10.4415611828526,10.5067404500773,10.5077813834918,10.4903812117213,10.4528051060854,10.5241258937579
48,"Kansas",10.4038310728344,49.0634967047876,49.0239822514543,10.3975319235236,39.048191,-95.677956,10391837272,0.488270813775364,10.3911794887841,48.9839450129781,10.3847729598037,48.9433719734184,10.3783115094953,48.9022496067608,10.3696431525479,48.8752699405816,49.117966140306,49.1715674446645,49.224327034094,10.4817564615958,10.4569767101267,10.4186408756986,10.4708723606337,10.4767468229077,10.4464821785008,10.4059913432323,10.4603605834433,10.4716684554509,10.4358624633241,10.3931748309328,10.4497109422964,10.4665198682344,10.4251147015506,10.3801869366171,10.4389200911089,10.4612995250232,10.4142359310782,10.3670230817259,10.4279845615664,10.4905750420726,10.4682557729771,10.4301742719095,10.4889940207575,10.499248729274,10.4793894501892,10.4415611828526,10.5067404500773,10.5077813834918,10.4903812117213,10.4528051060854,10.5241258937579,10.5161767199442,10.5012344053232,10.463909415702,10.5411638047752
49,"Kansas",10.4136383109492,49.117966140306,49.0634967047876,10.4038310728344,39.048191,-95.677956,9938023234,0.474780805603515,10.3975319235236,49.0239822514543,10.3911794887841,48.9839450129781,10.3847729598037,48.9433719734184,10.3783115094953,48.9022496067608,49.1715674446645,49.224327034094,49.276270077234,10.4905750420726,10.4682557729771,10.4301742719095,10.4889940207575,10.4817564615958,10.4569767101267,10.4186408756986,10.4708723606337,10.4767468229077,10.4464821785008,10.4059913432323,10.4603605834433,10.4716684554509,10.4358624633241,10.3931748309328,10.4497109422964,10.4665198682344,10.4251147015506,10.3801869366171,10.4389200911089,10.499248729274,10.4793894501892,10.4415611828526,10.5067404500773,10.5077813834918,10.4903812117213,10.4528051060854,10.5241258937579,10.5161767199442,10.5012344053232,10.463909415702,10.5411638047752,10.5393891825061,10.5081471651101,10.4801345412546,10.5479322856496
50,"Kansas",10.4233334665554,49.1715674446645,49.117966140306,10.4136383109492,39.048191,-95.677956,10027689519,0.486189196733179,10.4038310728344,49.0634967047876,10.3975319235236,49.0239822514543,10.3911794887841,48.9839450129781,10.3847729598037,48.9433719734184,49.224327034094,49.276270077234,49.3477187592192,10.499248729274,10.4793894501892,10.4415611828526,10.5067404500773,10.4905750420726,10.4682557729771,10.4301742719095,10.4889940207575,10.4817564615958,10.4569767101267,10.4186408756986,10.4708723606337,10.4767468229077,10.4464821785008,10.4059913432323,10.4603605834433,10.4716684554509,10.4358624633241,10.3931748309328,10.4497109422964,10.5077813834918,10.4903812117213,10.4528051060854,10.5241258937579,10.5161767199442,10.5012344053232,10.463909415702,10.5411638047752,10.5393891825061,10.5081471651101,10.4801345412546,10.5479322856496,10.5618916832441,10.515002511326,10.4960693478323,10.5546346553744
51,"Kansas",10.4329188981128,49.224327034094,49.1715674446645,10.4233334665554,39.048191,-95.677956,9751357525,0.476407018018878,10.4136383109492,49.117966140306,10.4038310728344,49.0634967047876,10.3975319235236,49.0239822514543,10.3911794887841,48.9839450129781,49.276270077234,49.3477187592192,49.4175653860934,10.5077813834918,10.4903812117213,10.4528051060854,10.5241258937579,10.499248729274,10.4793894501892,10.4415611828526,10.5067404500773,10.4905750420726,10.4682557729771,10.4301742719095,10.4889940207575,10.4817564615958,10.4569767101267,10.4186408756986,10.4708723606337,10.4767468229077,10.4464821785008,10.4059913432323,10.4603605834433,10.5161767199442,10.5012344053232,10.463909415702,10.5411638047752,10.5393891825061,10.5081471651101,10.4801345412546,10.5479322856496,10.5618916832441,10.515002511326,10.4960693478323,10.5546346553744,10.5837217495043,10.5218013153834,10.5117235285647,10.561272026217
52,"Kansas",10.4423968908274,49.276270077234,49.224327034094,10.4329188981128,39.048191,-95.677956,10450761825,0.481018153807805,10.4233334665554,49.1715674446645,10.4136383109492,49.117966140306,10.4038310728344,49.0634967047876,10.3975319235236,49.0239822514543,49.3477187592192,49.4175653860934,49.4858817041979,10.5161767199442,10.5012344053232,10.463909415702,10.5411638047752,10.5077813834918,10.4903812117213,10.4528051060854,10.5241258937579,10.499248729274,10.4793894501892,10.4415611828526,10.5067404500773,10.4905750420726,10.4682557729771,10.4301742719095,10.4889940207575,10.4817564615958,10.4569767101267,10.4186408756986,10.4708723606337,10.5393891825061,10.5081471651101,10.4801345412546,10.5479322856496,10.5618916832441,10.515002511326,10.4960693478323,10.5546346553744,10.5837217495043,10.5218013153834,10.5117235285647,10.561272026217,10.604914056276,10.5285444291508,10.5271063004836,10.5678454832472
53,"Kansas",10.4561733366943,49.3477187592192,49.276270077234,10.4423968908274,39.048191,-95.677956,10041615094,0.467500108948304,10.4329188981128,49.224327034094,10.4233334665554,49.1715674446645,10.4136383109492,49.117966140306,10.4038310728344,49.0634967047876,49.4175653860934,49.4858817041979,49.5527344024384,10.5393891825061,10.5081471651101,10.4801345412546,10.5479322856496,10.5161767199442,10.5012344053232,10.463909415702,10.5411638047752,10.5077813834918,10.4903812117213,10.4528051060854,10.5241258937579,10.499248729274,10.4793894501892,10.4415611828526,10.5067404500773,10.4905750420726,10.4682557729771,10.4301742719095,10.4889940207575,10.5618916832441,10.515002511326,10.4960693478323,10.5546346553744,10.5837217495043,10.5218013153834,10.5117235285647,10.561272026217,10.604914056276,10.5285444291508,10.5271063004836,10.5678454832472,10.6163878182983,10.5449224098755,10.5532200793022,10.5805048744684
54,"Kansas",10.4697344498495,49.4175653860934,49.3477187592192,10.4561733366943,39.048191,-95.677956,9943150845,0.474906707106707,10.4423968908274,49.276270077234,10.4329188981128,49.224327034094,10.4233334665554,49.1715674446645,10.4136383109492,49.117966140306,49.4858817041979,49.5527344024384,49.6356069081338,10.5618916832441,10.515002511326,10.4960693478323,10.5546346553744,10.5393891825061,10.5081471651101,10.4801345412546,10.5479322856496,10.5161767199442,10.5012344053232,10.463909415702,10.5411638047752,10.5077813834918,10.4903812117213,10.4528051060854,10.5241258937579,10.499248729274,10.4793894501892,10.4415611828526,10.5067404500773,10.5837217495043,10.5218013153834,10.5117235285647,10.561272026217,10.604914056276,10.5285444291508,10.5271063004836,10.5678454832472,10.6163878182983,10.5449224098755,10.5532200793022,10.5805048744684,10.6276355104755,10.5610112202169,10.5786233090926,10.5929630941693
55,"Kansas",10.4830864581499,49.4858817041979,49.4175653860934,10.4697344498495,39.048191,-95.677956,9835413390,0.467258416146316,10.4561733366943,49.3477187592192,10.4423968908274,49.276270077234,10.4329188981128,49.224327034094,10.4233334665554,49.1715674446645,49.5527344024384,49.6356069081338,49.7164142596259,10.5837217495043,10.5218013153834,10.5117235285647,10.561272026217,10.5618916832441,10.515002511326,10.4960693478323,10.5546346553744,10.5393891825061,10.5081471651101,10.4801345412546,10.5479322856496,10.5161767199442,10.5012344053232,10.463909415702,10.5411638047752,10.5077813834918,10.4903812117213,10.4528051060854,10.5241258937579,10.604914056276,10.5285444291508,10.5271063004836,10.5678454832472,10.6163878182983,10.5449224098755,10.5532200793022,10.5805048744684,10.6276355104755,10.5610112202169,10.5786233090926,10.5929630941693,10.6386644400437,10.5768204800901,10.6033524763625,10.605225844053
56,"Kansas",10.4962353242506,49.5527344024384,49.4858817041979,10.4830864581499,39.048191,-95.677956,10633993849,0.474596402279808,10.4697344498495,49.4175653860934,10.4561733366943,49.3477187592192,10.4423968908274,49.276270077234,10.4329188981128,49.224327034094,49.6356069081338,49.7164142596259,49.7952627135069,10.604914056276,10.5285444291508,10.5271063004836,10.5678454832472,10.5837217495043,10.5218013153834,10.5117235285647,10.561272026217,10.5618916832441,10.515002511326,10.4960693478323,10.5546346553744,10.5393891825061,10.5081471651101,10.4801345412546,10.5479322856496,10.5161767199442,10.5012344053232,10.463909415702,10.5411638047752,10.6163878182983,10.5449224098755,10.5532200793022,10.5805048744684,10.6276355104755,10.5610112202169,10.5786233090926,10.5929630941693,10.6386644400437,10.5768204800901,10.6033524763625,10.605225844053,10.6494815794593,10.5923593381191,10.6274413303884,10.6172985894661
57,"Kansas",10.506867000447,49.6356069081338,49.5527344024384,10.4962353242506,39.048191,-95.677956,10256945709,0.463975592698338,10.4830864581499,49.4858817041979,10.4697344498495,49.4175653860934,10.4561733366943,49.3477187592192,10.4423968908274,49.276270077234,49.7164142596259,49.7952627135069,49.8722495393166,10.6163878182983,10.5449224098755,10.5532200793022,10.5805048744684,10.604914056276,10.5285444291508,10.5271063004836,10.5678454832472,10.5837217495043,10.5218013153834,10.5117235285647,10.561272026217,10.5618916832441,10.515002511326,10.4960693478323,10.5546346553744,10.5393891825061,10.5081471651101,10.4801345412546,10.5479322856496,10.6276355104755,10.5610112202169,10.5786233090926,10.5929630941693,10.6386644400437,10.5768204800901,10.6033524763625,10.605225844053,10.6494815794593,10.5923593381191,10.6274413303884,10.6172985894661,10.6531882458179,10.6040343881618,10.6313317465072,10.6265649778768
58,"Kansas",10.5173659662334,49.7164142596259,49.6356069081338,10.506867000447,39.048191,-95.677956,10345283359,0.478034117196962,10.4962353242506,49.5527344024384,10.4830864581499,49.4858817041979,10.4697344498495,49.4175653860934,10.4561733366943,49.3477187592192,49.7952627135069,49.8722495393166,49.9165865196255,10.6276355104755,10.5610112202169,10.5786233090926,10.5929630941693,10.6163878182983,10.5449224098755,10.5532200793022,10.5805048744684,10.604914056276,10.5285444291508,10.5271063004836,10.5678454832472,10.5837217495043,10.5218013153834,10.5117235285647,10.561272026217,10.5618916832441,10.515002511326,10.4960693478323,10.5546346553744,10.6386644400437,10.5768204800901,10.6033524763625,10.605225844053,10.6494815794593,10.5923593381191,10.6274413303884,10.6172985894661,10.6531882458179,10.6040343881618,10.6313317465072,10.6265649778768,10.6750543253095,10.6202922523243,10.6432842458321,10.6410770229392
59,"Kansas",10.5277352590377,49.7952627135069,49.7164142596259,10.5173659662334,39.048191,-95.677956,10428131937,0.472866259148358,10.506867000447,49.6356069081338,10.4962353242506,49.5527344024384,10.4830864581499,49.4858817041979,10.4697344498495,49.4175653860934,49.8722495393166,49.9165865196255,49.9833533306352,10.6386644400437,10.5768204800901,10.6033524763625,10.605225844053,10.6276355104755,10.5610112202169,10.5786233090926,10.5929630941693,10.6163878182983,10.5449224098755,10.5532200793022,10.5805048744684,10.604914056276,10.5285444291508,10.5271063004836,10.5678454832472,10.5837217495043,10.5218013153834,10.5117235285647,10.561272026217,10.6494815794593,10.5923593381191,10.6274413303884,10.6172985894661,10.6531882458179,10.6040343881618,10.6313317465072,10.6265649778768,10.6750543253095,10.6202922523243,10.6432842458321,10.6410770229392,10.7015939808938,10.629776922927,10.6331168733818,10.6580235486381
60,"Kansas",10.5379778138195,49.8722495393166,49.7952627135069,10.5277352590377,39.048191,-95.677956,11418321604,0.479034821689287,10.5173659662334,49.7164142596259,10.506867000447,49.6356069081338,10.4962353242506,49.5527344024384,10.4830864581499,49.4858817041979,49.9165865196255,49.9833533306352,50.0487675879394,10.6494815794593,10.5923593381191,10.6274413303884,10.6172985894661,10.6386644400437,10.5768204800901,10.6033524763625,10.605225844053,10.6276355104755,10.5610112202169,10.5786233090926,10.5929630941693,10.6163878182983,10.5449224098755,10.5532200793022,10.5805048744684,10.604914056276,10.5285444291508,10.5271063004836,10.5678454832472,10.6531882458179,10.6040343881618,10.6313317465072,10.6265649778768,10.6750543253095,10.6202922523243,10.6432842458321,10.6410770229392,10.7015939808938,10.629776922927,10.6331168733818,10.6580235486381,10.7216055696551,10.6225953583934,10.6468444249922,10.6635515819839
61,"Kansas",10.5440690491069,49.9165865196255,49.8722495393166,10.5379778138195,39.048191,-95.677956,10519752366,0.467490183522208,10.5277352590377,49.7952627135069,10.5173659662334,49.7164142596259,10.506867000447,49.6356069081338,10.4962353242506,49.5527344024384,49.9833533306352,50.0487675879394,50.1181057631194,10.6531882458179,10.6040343881618,10.6313317465072,10.6265649778768,10.6494815794593,10.5923593381191,10.6274413303884,10.6172985894661,10.6386644400437,10.5768204800901,10.6033524763625,10.605225844053,10.6276355104755,10.5610112202169,10.5786233090926,10.5929630941693,10.6163878182983,10.5449224098755,10.5532200793022,10.5805048744684,10.6750543253095,10.6202922523243,10.6432842458321,10.6410770229392,10.7015939808938,10.629776922927,10.6331168733818,10.6580235486381,10.7216055696551,10.6225953583934,10.6468444249922,10.6635515819839,10.7379997678998,10.6388257099133,10.6668914871589,10.6987485647798
62,"Kansas",10.5586829508856,49.9833533306352,49.9165865196255,10.5440690491069,39.048191,-95.677956,10876457639,0.479081831870329,10.5379778138195,49.8722495393166,10.5277352590377,49.7952627135069,10.5173659662334,49.7164142596259,10.506867000447,49.6356069081338,50.0487675879394,50.1181057631194,50.1837527023334,10.6750543253095,10.6202922523243,10.6432842458321,10.6410770229392,10.6531882458179,10.6040343881618,10.6313317465072,10.6265649778768,10.6494815794593,10.5923593381191,10.6274413303884,10.6172985894661,10.6386644400437,10.5768204800901,10.6033524763625,10.605225844053,10.6276355104755,10.5610112202169,10.5786233090926,10.5929630941693,10.7015939808938,10.629776922927,10.6331168733818,10.6580235486381,10.7216055696551,10.6225953583934,10.6468444249922,10.6635515819839,10.7379997678998,10.6388257099133,10.6668914871589,10.6987485647798,10.7467619599967,10.6536111677513,10.6633655486697,10.683125840492
63,"Kansas",10.5523488722974,50.0487675879394,49.9833533306352,10.5586829508856,39.048191,-95.677956,11131274927,0.472404989140492,10.5440690491069,49.9165865196255,10.5379778138195,49.8722495393166,10.5277352590377,49.7952627135069,10.5173659662334,49.7164142596259,50.1181057631194,50.1837527023334,50.189699725794,10.7015939808938,10.629776922927,10.6331168733818,10.6580235486381,10.6750543253095,10.6202922523243,10.6432842458321,10.6410770229392,10.6531882458179,10.6040343881618,10.6313317465072,10.6265649778768,10.6494815794593,10.5923593381191,10.6274413303884,10.6172985894661,10.6386644400437,10.5768204800901,10.6033524763625,10.605225844053,10.7216055696551,10.6225953583934,10.6468444249922,10.6635515819839,10.7379997678998,10.6388257099133,10.6668914871589,10.6987485647798,10.7467619599967,10.6536111677513,10.6633655486697,10.683125840492,10.7591954199626,10.6637402657181,10.6808803891699,10.6896687333777
64,"Kansas",10.6020469064497,50.1181057631194,50.0487675879394,10.5523488722974,39.048191,-95.677956,11680044261,0.47850522423292,10.5586829508856,49.9833533306352,10.5440690491069,49.9165865196255,10.5379778138195,49.8722495393166,10.5277352590377,49.7952627135069,50.1837527023334,50.189699725794,50.2128029834788,10.7216055696551,10.6225953583934,10.6468444249922,10.6635515819839,10.7015939808938,10.629776922927,10.6331168733818,10.6580235486381,10.6750543253095,10.6202922523243,10.6432842458321,10.6410770229392,10.6531882458179,10.6040343881618,10.6313317465072,10.6265649778768,10.6494815794593,10.5923593381191,10.6274413303884,10.6172985894661,10.7379997678998,10.6388257099133,10.6668914871589,10.6987485647798,10.7467619599967,10.6536111677513,10.6633655486697,10.683125840492,10.7591954199626,10.6637402657181,10.6808803891699,10.6896687333777,10.7705409739784,10.6850468322913,10.7079541954684,10.7168346387273
65,"Kansas",10.6185133321541,50.1837527023334,50.1181057631194,10.6020469064497,39.048191,-95.677956,11637483682,0.471172943997998,10.5523488722974,50.0487675879394,10.5586829508856,49.9833533306352,10.5440690491069,49.9165865196255,10.5379778138195,49.8722495393166,50.189699725794,50.2128029834788,50.2730867044904,10.7379997678998,10.6388257099133,10.6668914871589,10.6987485647798,10.7216055696551,10.6225953583934,10.6468444249922,10.6635515819839,10.7015939808938,10.629776922927,10.6331168733818,10.6580235486381,10.6750543253095,10.6202922523243,10.6432842458321,10.6410770229392,10.6531882458179,10.6040343881618,10.6313317465072,10.6265649778768,10.7467619599967,10.6536111677513,10.6633655486697,10.683125840492,10.7591954199626,10.6637402657181,10.6808803891699,10.6896687333777,10.7705409739784,10.6850468322913,10.7079541954684,10.7168346387273,10.8026280565604,10.6972420901081,10.7341195984506,10.7284438487584
66,"Kansas",10.6223937408941,50.189699725794,50.1837527023334,10.6185133321541,39.048191,-95.677956,11614979335,0.481708836611191,10.6020469064497,50.1181057631194,10.5523488722974,50.0487675879394,10.5586829508856,49.9833533306352,10.5440690491069,49.9165865196255,50.2128029834788,50.2730867044904,50.3416604405138,10.7467619599967,10.6536111677513,10.6633655486697,10.683125840492,10.7379997678998,10.6388257099133,10.6668914871589,10.6987485647798,10.7216055696551,10.6225953583934,10.6468444249922,10.6635515819839,10.7015939808938,10.629776922927,10.6331168733818,10.6580235486381,10.6750543253095,10.6202922523243,10.6432842458321,10.6410770229392,10.7591954199626,10.6637402657181,10.6808803891699,10.6896687333777,10.7705409739784,10.6850468322913,10.7079541954684,10.7168346387273,10.8026280565604,10.6972420901081,10.7341195984506,10.7284438487584,10.8096865755637,10.7126455780247,10.7377273378926,10.730942958388
67,"Kansas",10.6335899038531,50.2128029834788,50.189699725794,10.6223937408941,39.048191,-95.677956,11400598610,0.477976397806077,10.6185133321541,50.1837527023334,10.6020469064497,50.1181057631194,10.5523488722974,50.0487675879394,10.5586829508856,49.9833533306352,50.2730867044904,50.3416604405138,50.3755916777403,10.7591954199626,10.6637402657181,10.6808803891699,10.6896687333777,10.7467619599967,10.6536111677513,10.6633655486697,10.683125840492,10.7379997678998,10.6388257099133,10.6668914871589,10.6987485647798,10.7216055696551,10.6225953583934,10.6468444249922,10.6635515819839,10.7015939808938,10.629776922927,10.6331168733818,10.6580235486381,10.7705409739784,10.6850468322913,10.7079541954684,10.7168346387273,10.8026280565604,10.6972420901081,10.7341195984506,10.7284438487584,10.8096865755637,10.7126455780247,10.7377273378926,10.730942958388,10.8233900185677,10.7174784463884,10.7459329014646,10.7525998502708
68,"Kansas",10.6702765045658,50.2730867044904,50.2128029834788,10.6335899038531,39.048191,-95.677956,12739992718,0.485807305420549,10.6223937408941,50.189699725794,10.6185133321541,50.1837527023334,10.6020469064497,50.1181057631194,10.5523488722974,50.0487675879394,50.3416604405138,50.3755916777403,50.4243418535667,10.7705409739784,10.6850468322913,10.7079541954684,10.7168346387273,10.7591954199626,10.6637402657181,10.6808803891699,10.6896687333777,10.7467619599967,10.6536111677513,10.6633655486697,10.683125840492,10.7379997678998,10.6388257099133,10.6668914871589,10.6987485647798,10.7216055696551,10.6225953583934,10.6468444249922,10.6635515819839,10.8026280565604,10.6972420901081,10.7341195984506,10.7284438487584,10.8096865755637,10.7126455780247,10.7377273378926,10.730942958388,10.8233900185677,10.7174784463884,10.7459329014646,10.7525998502708,10.827850461825,10.7232940358927,10.7393557340768,10.7552490411582
69,"Kansas",10.6856627564663,50.3416604405138,50.2730867044904,10.6702765045658,39.048191,-95.677956,12476057463,0.478897975238749,10.6335899038531,50.2128029834788,10.6223937408941,50.189699725794,10.6185133321541,50.1837527023334,10.6020469064497,50.1181057631194,50.3755916777403,50.4243418535667,50.4278494058601,10.8026280565604,10.6972420901081,10.7341195984506,10.7284438487584,10.7705409739784,10.6850468322913,10.7079541954684,10.7168346387273,10.7591954199626,10.6637402657181,10.6808803891699,10.6896687333777,10.7467619599967,10.6536111677513,10.6633655486697,10.683125840492,10.7379997678998,10.6388257099133,10.6668914871589,10.6987485647798,10.8096865755637,10.7126455780247,10.7377273378926,10.730942958388,10.8233900185677,10.7174784463884,10.7459329014646,10.7525998502708,10.827850461825,10.7232940358927,10.7393557340768,10.7552490411582,10.8533565426302,10.7432316496928,10.7339084095148,10.7691795807001
70,"Kansas",10.6936103796529,50.3755916777403,50.3416604405138,10.6856627564663,39.048191,-95.677956,12456254642,0.488480938977385,10.6702765045658,50.2730867044904,10.6335899038531,50.2128029834788,10.6223937408941,50.189699725794,10.6185133321541,50.1837527023334,50.4243418535667,50.4278494058601,50.4880409783049,10.8096865755637,10.7126455780247,10.7377273378926,10.730942958388,10.8026280565604,10.6972420901081,10.7341195984506,10.7284438487584,10.7705409739784,10.6850468322913,10.7079541954684,10.7168346387273,10.7591954199626,10.6637402657181,10.6808803891699,10.6896687333777,10.7467619599967,10.6536111677513,10.6633655486697,10.683125840492,10.8233900185677,10.7174784463884,10.7459329014646,10.7525998502708,10.827850461825,10.7232940358927,10.7393557340768,10.7552490411582,10.8533565426302,10.7432316496928,10.7339084095148,10.7691795807001,10.8509267564031,10.7403356411667,10.7270395096896,10.771871893097
71,"Kansas",10.7050861984418,50.4243418535667,50.3755916777403,10.6936103796529,39.048191,-95.677956,12009849641,0.485953900976199,10.6856627564663,50.3416604405138,10.6702765045658,50.2730867044904,10.6335899038531,50.2128029834788,10.6223937408941,50.189699725794,50.4278494058601,50.4880409783049,50.4904859049194,10.8233900185677,10.7174784463884,10.7459329014646,10.7525998502708,10.8096865755637,10.7126455780247,10.7377273378926,10.730942958388,10.8026280565604,10.6972420901081,10.7341195984506,10.7284438487584,10.7705409739784,10.6850468322913,10.7079541954684,10.7168346387273,10.7591954199626,10.6637402657181,10.6808803891699,10.6896687333777,10.827850461825,10.7232940358927,10.7393557340768,10.7552490411582,10.8533565426302,10.7432316496928,10.7339084095148,10.7691795807001,10.8509267564031,10.7403356411667,10.7270395096896,10.771871893097,10.8070346044251,10.7270361075375,10.7072709634935,10.7424374589918
72,"Kansas",10.7247515325477,50.4278494058601,50.4243418535667,10.7050861984418,39.048191,-95.677956,13324901063,0.490088296649906,10.6936103796529,50.3755916777403,10.6856627564663,50.3416604405138,10.6702765045658,50.2730867044904,10.6335899038531,50.2128029834788,50.4880409783049,50.4904859049194,50.3892369495591,10.827850461825,10.7232940358927,10.7393557340768,10.7552490411582,10.8233900185677,10.7174784463884,10.7459329014646,10.7525998502708,10.8096865755637,10.7126455780247,10.7377273378926,10.730942958388,10.8026280565604,10.6972420901081,10.7341195984506,10.7284438487584,10.7705409739784,10.6850468322913,10.7079541954684,10.7168346387273,10.8533565426302,10.7432316496928,10.7339084095148,10.7691795807001,10.8509267564031,10.7403356411667,10.7270395096896,10.771871893097,10.8070346044251,10.7270361075375,10.7072709634935,10.7424374589918,10.7617415183373,10.7131668125346,10.6966527164004,10.7719927553208
73,"Kansas",10.7366228448162,50.4880409783049,50.4278494058601,10.7247515325477,39.048191,-95.677956,12940067499,0.481450407087747,10.7050861984418,50.4243418535667,10.6936103796529,50.3755916777403,10.6856627564663,50.3416604405138,10.6702765045658,50.2730867044904,50.4904859049194,50.3892369495591,50.3277812941136,10.8533565426302,10.7432316496928,10.7339084095148,10.7691795807001,10.827850461825,10.7232940358927,10.7393557340768,10.7552490411582,10.8233900185677,10.7174784463884,10.7459329014646,10.7525998502708,10.8096865755637,10.7126455780247,10.7377273378926,10.730942958388,10.8026280565604,10.6972420901081,10.7341195984506,10.7284438487584,10.8509267564031,10.7403356411667,10.7270395096896,10.771871893097,10.8070346044251,10.7270361075375,10.7072709634935,10.7424374589918,10.7617415183373,10.7131668125346,10.6966527164004,10.7719927553208,10.7396746982343,10.7126857155533,10.7041430148783,10.7618741918893
74,"Kansas",10.7336957477854,50.4904859049194,50.4880409783049,10.7366228448162,39.048191,-95.677956,12940530000,0.491073529922126,10.7247515325477,50.4278494058601,10.7050861984418,50.4243418535667,10.6936103796529,50.3755916777403,10.6856627564663,50.3416604405138,50.3892369495591,50.3277812941136,50.2844662471944,10.8509267564031,10.7403356411667,10.7270395096896,10.771871893097,10.8533565426302,10.7432316496928,10.7339084095148,10.7691795807001,10.827850461825,10.7232940358927,10.7393557340768,10.7552490411582,10.8233900185677,10.7174784463884,10.7459329014646,10.7525998502708,10.8096865755637,10.7126455780247,10.7377273378926,10.730942958388,10.8070346044251,10.7270361075375,10.7072709634935,10.7424374589918,10.7617415183373,10.7131668125346,10.6966527164004,10.7719927553208,10.7396746982343,10.7126857155533,10.7041430148783,10.7618741918893,10.7440940865025,10.7157267812446,10.7204037105057,10.7715095705211
75,"Kansas",10.7040523577816,50.3892369495591,50.4904859049194,10.7336957477854,39.048191,-95.677956,12565256199,0.482347122206503,10.7366228448162,50.4880409783049,10.7247515325477,50.4278494058601,10.7050861984418,50.4243418535667,10.6936103796529,50.3755916777403,50.3277812941136,50.2844662471944,50.3079961666174,10.8070346044251,10.7270361075375,10.7072709634935,10.7424374589918,10.8509267564031,10.7403356411667,10.7270395096896,10.771871893097,10.8533565426302,10.7432316496928,10.7339084095148,10.7691795807001,10.827850461825,10.7232940358927,10.7393557340768,10.7552490411582,10.8233900185677,10.7174784463884,10.7459329014646,10.7525998502708,10.7617415183373,10.7131668125346,10.6966527164004,10.7719927553208,10.7396746982343,10.7126857155533,10.7041430148783,10.7618741918893,10.7440940865025,10.7157267812446,10.7204037105057,10.7715095705211,10.7620654177363,10.7381124617189,10.744127692414,10.7935239633369
76,"Kansas",10.6807951529147,50.3277812941136,50.3892369495591,10.7040523577816,39.048191,-95.677956,13739215641,0.485808302497712,10.7336957477854,50.4904859049194,10.7366228448162,50.4880409783049,10.7247515325477,50.4278494058601,10.7050861984418,50.4243418535667,50.2844662471944,50.3079961666174,50.3612069144501,10.7617415183373,10.7131668125346,10.6966527164004,10.7719927553208,10.8070346044251,10.7270361075375,10.7072709634935,10.7424374589918,10.8509267564031,10.7403356411667,10.7270395096896,10.771871893097,10.8533565426302,10.7432316496928,10.7339084095148,10.7691795807001,10.827850461825,10.7232940358927,10.7393557340768,10.7552490411582,10.7396746982343,10.7126857155533,10.7041430148783,10.7618741918893,10.7440940865025,10.7157267812446,10.7204037105057,10.7715095705211,10.7620654177363,10.7381124617189,10.744127692414,10.7935239633369,10.7899804056642,10.7294230283255,10.7211677238988,10.7972924631127
77,"Kansas",10.6764680860599,50.2844662471944,50.3277812941136,10.6807951529147,39.048191,-95.677956,12401694502,0.468378976412643,10.7040523577816,50.3892369495591,10.7336957477854,50.4904859049194,10.7366228448162,50.4880409783049,10.7247515325477,50.4278494058601,50.3079961666174,50.3612069144501,50.3865165438841,10.7396746982343,10.7126857155533,10.7041430148783,10.7618741918893,10.7617415183373,10.7131668125346,10.6966527164004,10.7719927553208,10.8070346044251,10.7270361075375,10.7072709634935,10.7424374589918,10.8509267564031,10.7403356411667,10.7270395096896,10.771871893097,10.8533565426302,10.7432316496928,10.7339084095148,10.7691795807001,10.7440940865025,10.7157267812446,10.7204037105057,10.7715095705211,10.7620654177363,10.7381124617189,10.744127692414,10.7935239633369,10.7899804056642,10.7294230283255,10.7211677238988,10.7972924631127,10.7880563109832,10.747271210929,10.7416318571563,10.8205804244384
78,"Kansas",10.6783303200698,50.3079961666174,50.2844662471944,10.6764680860599,39.048191,-95.677956,12411815809,0.46830716406964,10.6807951529147,50.3277812941136,10.7040523577816,50.3892369495591,10.7336957477854,50.4904859049194,10.7366228448162,50.4880409783049,50.3612069144501,50.3865165438841,50.4527530219102,10.7440940865025,10.7157267812446,10.7204037105057,10.7715095705211,10.7396746982343,10.7126857155533,10.7041430148783,10.7618741918893,10.7617415183373,10.7131668125346,10.6966527164004,10.7719927553208,10.8070346044251,10.7270361075375,10.7072709634935,10.7424374589918,10.8509267564031,10.7403356411667,10.7270395096896,10.771871893097,10.7620654177363,10.7381124617189,10.744127692414,10.7935239633369,10.7899804056642,10.7294230283255,10.7211677238988,10.7972924631127,10.7880563109832,10.747271210929,10.7416318571563,10.8205804244384,10.8003154846564,10.7668360741382,10.7511164122895,10.8350695046766
79,"Kansas",10.6971758022648,50.3612069144501,50.3079961666174,10.6783303200698,39.048191,-95.677956,11934411146,0.456881313375339,10.6764680860599,50.2844662471944,10.6807951529147,50.3277812941136,10.7040523577816,50.3892369495591,10.7336957477854,50.4904859049194,50.3865165438841,50.4527530219102,50.5127508359779,10.7620654177363,10.7381124617189,10.744127692414,10.7935239633369,10.7440940865025,10.7157267812446,10.7204037105057,10.7715095705211,10.7396746982343,10.7126857155533,10.7041430148783,10.7618741918893,10.7617415183373,10.7131668125346,10.6966527164004,10.7719927553208,10.8070346044251,10.7270361075375,10.7072709634935,10.7424374589918,10.7899804056642,10.7294230283255,10.7211677238988,10.7972924631127,10.7880563109832,10.747271210929,10.7416318571563,10.8205804244384,10.8003154846564,10.7668360741382,10.7511164122895,10.8350695046766,10.8164222447331,10.7780878825616,10.7626707893712,10.8470425717688
80,"Kansas",10.6809505470813,50.3865165438841,50.3612069144501,10.6971758022648,39.048191,-95.677956,13501988455,0.459808970273896,10.6783303200698,50.3079961666174,10.6764680860599,50.2844662471944,10.6807951529147,50.3277812941136,10.7040523577816,50.3892369495591,50.4527530219102,50.5127508359779,50.5580578327609,10.7899804056642,10.7294230283255,10.7211677238988,10.7972924631127,10.7620654177363,10.7381124617189,10.744127692414,10.7935239633369,10.7440940865025,10.7157267812446,10.7204037105057,10.7715095705211,10.7396746982343,10.7126857155533,10.7041430148783,10.7618741918893,10.7617415183373,10.7131668125346,10.6966527164004,10.7719927553208,10.7880563109832,10.747271210929,10.7416318571563,10.8205804244384,10.8003154846564,10.7668360741382,10.7511164122895,10.8350695046766,10.8164222447331,10.7780878825616,10.7626707893712,10.8470425717688,10.8377130347097,10.7599229855863,10.7688689014323,10.8901104436279
81,"Kansas",10.7019530499111,50.4527530219102,50.3865165438841,10.6809505470813,39.048191,-95.677956,11940275378,0.447068809719526,10.6971758022648,50.3612069144501,10.6783303200698,50.3079961666174,10.6764680860599,50.2844662471944,10.6807951529147,50.3277812941136,50.5127508359779,50.5580578327609,50.5770689609579,10.7880563109832,10.747271210929,10.7416318571563,10.8205804244384,10.7899804056642,10.7294230283255,10.7211677238988,10.7972924631127,10.7620654177363,10.7381124617189,10.744127692414,10.7935239633369,10.7440940865025,10.7157267812446,10.7204037105057,10.7715095705211,10.7396746982343,10.7126857155533,10.7041430148783,10.7618741918893,10.8003154846564,10.7668360741382,10.7511164122895,10.8350695046766,10.8164222447331,10.7780878825616,10.7626707893712,10.8470425717688,10.8377130347097,10.7599229855863,10.7688689014323,10.8901104436279,10.8582073664029,10.7781001270915,10.7739681168588,10.8902895268086
82,"Kansas",10.7236855492111,50.5127508359779,50.4527530219102,10.7019530499111,39.048191,-95.677956,12457819799,0.457140989998911,10.6809505470813,50.3865165438841,10.6971758022648,50.3612069144501,10.6783303200698,50.3079961666174,10.6764680860599,50.2844662471944,50.5580578327609,50.5770689609579,50.6435670154498,10.8003154846564,10.7668360741382,10.7511164122895,10.8350695046766,10.7880563109832,10.747271210929,10.7416318571563,10.8205804244384,10.7899804056642,10.7294230283255,10.7211677238988,10.7972924631127,10.7620654177363,10.7381124617189,10.744127692414,10.7935239633369,10.7440940865025,10.7157267812446,10.7204037105057,10.7715095705211,10.8164222447331,10.7780878825616,10.7626707893712,10.8470425717688,10.8377130347097,10.7599229855863,10.7688689014323,10.8901104436279,10.8582073664029,10.7781001270915,10.7739681168588,10.8902895268086,10.8654746435697,10.7938507891698,10.79506238746,10.896977503503
83,"Kansas",10.7410597068975,50.5580578327609,50.5127508359779,10.7236855492111,39.048191,-95.677956,12282864253,0.451312503495042,10.7019530499111,50.4527530219102,10.6809505470813,50.3865165438841,10.6971758022648,50.3612069144501,10.6783303200698,50.3079961666174,50.5770689609579,50.6435670154498,50.6815071758528,10.8164222447331,10.7780878825616,10.7626707893712,10.8470425717688,10.8003154846564,10.7668360741382,10.7511164122895,10.8350695046766,10.7880563109832,10.747271210929,10.7416318571563,10.8205804244384,10.7899804056642,10.7294230283255,10.7211677238988,10.7972924631127,10.7620654177363,10.7381124617189,10.744127692414,10.7935239633369,10.8377130347097,10.7599229855863,10.7688689014323,10.8901104436279,10.8582073664029,10.7781001270915,10.7739681168588,10.8902895268086,10.8654746435697,10.7938507891698,10.79506238746,10.896977503503,10.8822218805225,10.8041340808201,10.817961707638,10.9164514183158
84,"Kansas",10.7473508042038,50.5770689609579,50.5580578327609,10.7410597068975,39.048191,-95.677956,13848730230,0.45773759532019,10.7236855492111,50.5127508359779,10.7019530499111,50.4527530219102,10.6809505470813,50.3865165438841,10.6971758022648,50.3612069144501,50.6435670154498,50.6815071758528,50.7491152120481,10.8377130347097,10.7599229855863,10.7688689014323,10.8901104436279,10.8164222447331,10.7780878825616,10.7626707893712,10.8470425717688,10.8003154846564,10.7668360741382,10.7511164122895,10.8350695046766,10.7880563109832,10.747271210929,10.7416318571563,10.8205804244384,10.7899804056642,10.7294230283255,10.7211677238988,10.7972924631127,10.8582073664029,10.7781001270915,10.7739681168588,10.8902895268086,10.8654746435697,10.7938507891698,10.79506238746,10.896977503503,10.8822218805225,10.8041340808201,10.817961707638,10.9164514183158,10.9019821747169,10.8088357965789,10.8306508910113,10.8912141137517
85,"Kansas",10.766669779969,50.6435670154498,50.5770689609579,10.7473508042038,39.048191,-95.677956,12481612182,0.447008186899729,10.7410597068975,50.5580578327609,10.7236855492111,50.5127508359779,10.7019530499111,50.4527530219102,10.6809505470813,50.3865165438841,50.6815071758528,50.7491152120481,50.7662001151923,10.8582073664029,10.7781001270915,10.7739681168588,10.8902895268086,10.8377130347097,10.7599229855863,10.7688689014323,10.8901104436279,10.8164222447331,10.7780878825616,10.7626707893712,10.8470425717688,10.8003154846564,10.7668360741382,10.7511164122895,10.8350695046766,10.7880563109832,10.747271210929,10.7416318571563,10.8205804244384,10.8654746435697,10.7938507891698,10.79506238746,10.896977503503,10.8822218805225,10.8041340808201,10.817961707638,10.9164514183158,10.9019821747169,10.8088357965789,10.8306508910113,10.8912141137517,10.9023897968974,10.8165490055526,10.854480001116,10.9142142429254
86,"Kansas",10.7818095577249,50.6815071758528,50.6435670154498,10.766669779969,39.048191,-95.677956,12886393383,0.457135724500978,10.7473508042038,50.5770689609579,10.7410597068975,50.5580578327609,10.7236855492111,50.5127508359779,10.7019530499111,50.4527530219102,50.7491152120481,50.7662001151923,50.808340028598,10.8654746435697,10.7938507891698,10.79506238746,10.896977503503,10.8582073664029,10.7781001270915,10.7739681168588,10.8902895268086,10.8377130347097,10.7599229855863,10.7688689014323,10.8901104436279,10.8164222447331,10.7780878825616,10.7626707893712,10.8470425717688,10.8003154846564,10.7668360741382,10.7511164122895,10.8350695046766,10.8822218805225,10.8041340808201,10.817961707638,10.9164514183158,10.9019821747169,10.8088357965789,10.8306508910113,10.8912141137517,10.9023897968974,10.8165490055526,10.854480001116,10.9142142429254,10.9111926644239,10.8256315418257,10.8541220038563,10.9162710549675
87,"Kansas",10.7863870811194,50.7491152120481,50.6815071758528,10.7818095577249,39.048191,-95.677956,13026304966,0.451060990327146,10.766669779969,50.6435670154498,10.7473508042038,50.5770689609579,10.7410597068975,50.5580578327609,10.7236855492111,50.5127508359779,50.7662001151923,50.808340028598,50.8006449452549,10.8822218805225,10.8041340808201,10.817961707638,10.9164514183158,10.8654746435697,10.7938507891698,10.79506238746,10.896977503503,10.8582073664029,10.7781001270915,10.7739681168588,10.8902895268086,10.8377130347097,10.7599229855863,10.7688689014323,10.8901104436279,10.8164222447331,10.7780878825616,10.7626707893712,10.8470425717688,10.9019821747169,10.8088357965789,10.8306508910113,10.8912141137517,10.9023897968974,10.8165490055526,10.854480001116,10.9142142429254,10.9111926644239,10.8256315418257,10.8541220038563,10.9162710549675,10.932250602384,10.8225300384029,10.8456373922591,10.9242932932507
88,"Kansas",10.8168689476004,50.7662001151923,50.7491152120481,10.7863870811194,39.048191,-95.677956,13743234348,0.45849632635387,10.7818095577249,50.6815071758528,10.766669779969,50.6435670154498,10.7473508042038,50.5770689609579,10.7410597068975,50.5580578327609,50.808340028598,50.8006449452549,50.8071440201721,10.9019821747169,10.8088357965789,10.8306508910113,10.8912141137517,10.8822218805225,10.8041340808201,10.817961707638,10.9164514183158,10.8654746435697,10.7938507891698,10.79506238746,10.896977503503,10.8582073664029,10.7781001270915,10.7739681168588,10.8902895268086,10.8377130347097,10.7599229855863,10.7688689014323,10.8901104436279,10.9023897968974,10.8165490055526,10.854480001116,10.9142142429254,10.9111926644239,10.8256315418257,10.8541220038563,10.9162710549675,10.932250602384,10.8225300384029,10.8456373922591,10.9242932932507,10.9453583497308,10.8364568476716,10.8722313462503,10.9615658465395
89,"Kansas",10.7999117339419,50.808340028598,50.7662001151923,10.8168689476004,39.048191,-95.677956,13609477783,0.451465643905707,10.7863870811194,50.7491152120481,10.7818095577249,50.6815071758528,10.766669779969,50.6435670154498,10.7473508042038,50.5770689609579,50.8006449452549,50.8071440201721,50.8977330324471,10.9023897968974,10.8165490055526,10.854480001116,10.9142142429254,10.9019821747169,10.8088357965789,10.8306508910113,10.8912141137517,10.8822218805225,10.8041340808201,10.817961707638,10.9164514183158,10.8654746435697,10.7938507891698,10.79506238746,10.896977503503,10.8582073664029,10.7781001270915,10.7739681168588,10.8902895268086,10.9111926644239,10.8256315418257,10.8541220038563,10.9162710549675,10.932250602384,10.8225300384029,10.8456373922591,10.9242932932507,10.9453583497308,10.8364568476716,10.8722313462503,10.9615658465395,10.9563109789898,10.8485823417955,10.854562426592,10.9460975050546
