"Alabama","Alaska","Arizona","Arkansas","California","Colorado","Connecticut","Delaware","Florida","Georgia","Hawaii","Idaho","Illinois","Indiana","Iowa","Kansas","Kentucky","Louisiana","Maine","Maryland","Massachusetts","Michigan","Minnesota","Mississippi","Missouri","Montana","Nebraska","Nevada","New_Hampshire","New_Jersey","New_Mexico","New_York","North_Carolina","North_Dakota","Ohio","Oklahoma","Oregon","Pennsylvania","Rhode_Island","South_Carolina","South_Dakota","Tennessee","Texas","Utah","Vermont","Virginia","Washington","West_Virginia","Wisconsin","Wyoming"
0.000567385009711533,0.0047133310462937,0.000493470913350408,-0.00116240985403188,0.00148828033602618,0.00149884125821262,-0.00351266369919975,0.00730500365346616,-0.00170947447587167,-0.00136709720135422,0.00169660740530746,0.000543489977782397,6.98257552533577e-05,-0.000349111993616744,0.00244145000202374,-0.000561323616224572,-0.00174352413521697,-0.00664128146321266,-0.00105160248385854,-0.000405757317986125,0.000285028634157548,-0.00530527342808258,0.00459472021028312,-0.00112292367098007,-0.00500356193387206,0.00237505945553632,-0.000459928842933127,-0.000828837282948337,0.000696167541935542,-0.000507861121002126,-0.00153473124790671,0.00259037447705614,0.00108912314328261,-0.00184693319453136,0.00128027151180457,0.00291161614598173,-0.00494570135224875,-0.00174599677494076,-0.000350910748330693,0.00166977721887383,-0.00378877307931778,-0.00098179418947939,6.09163724309223e-05,0.000423922560809428,-0.000670024847990184,-0.000170814740086025,-0.00516080695304487,-0.00102749995953537,-0.000931248853224551,-0.00101993395570952
0.00126319457182811,0.00654733804465707,-0.000944291092913836,-0.000339875404925909,0.00376501359003759,-0.0030169769206646,0.0041989250862863,0.00863993678678414,0.000396252744781704,-0.000306424492921701,0.000602390914188593,-0.00220013189093476,-0.0011131888448944,-0.00134442403385531,0.000852447228675503,-0.00122008719158616,-0.000262152087645773,-0.00489362577231311,0.00145655483672467,-0.00126797038696094,0.00162950969092895,-0.00296514603356721,0.000917139872434996,-0.00190306723413332,-0.00137859900661215,-0.00245570081632911,-0.00223527040381729,-2.95443212844249e-05,-0.00609943565248009,-0.00332399886462331,-0.00337560502931555,0.0056381110249018,0.000333856664635144,-0.00130715340533081,0.00110671031871864,-0.00258064484778159,-0.00452873599730526,-0.00141459165031024,0.00502391073637883,-0.000469025963428541,-0.00459362461506551,-0.0004540563985285,0.00196963308210884,-0.00401457938579691,0.00091833466306628,-3.41288848947259e-06,-0.00127376840040083,-0.00354221668674326,-0.00104408166207862,0.00286758834970824
0.00151969428596832,-0.00749540621216721,0.00145964340896027,-0.00116782173266679,-0.000702020940967825,0.000175342797052331,0.00141772109428192,-4.49860722302763e-05,-0.00110262611827412,0.0019721147719368,0.00259295943094342,-0.00411654514404046,-0.000426442172498433,0.000197178593526706,0.00199248760192998,0.000378027362535081,-0.000896656544116158,-0.00814803368021996,0.00157944329609782,-0.000741912456245502,-0.00074517249235723,-0.00436564121758832,0.00201066665266004,-0.00248424885208481,-0.000113092159455436,0.000234870368502432,-0.00664314923944502,0.00277829816365984,0.00647733425724699,-0.00259883323280509,-0.00066117293484465,0.00353364982111742,-0.000965051500466293,0.00251577355734969,0.0017744378575929,0.00220882411013171,-0.00470519172661071,4.08649864025703e-05,0.00171322123632941,0.000224473499017476,-0.00826668388691677,-0.00104910431330406,-0.00286271113602456,-0.00186772860269619,-0.00069305193907124,-0.00156919479085113,0.000715304166089927,-0.00263384895737751,-0.00156571894513969,-0.00316597722033925
-0.00298142955187784,-0.00407334896590396,-0.000912974822241909,0.00367991757484773,-0.00121466103472304,0.000683027848714801,-0.00130598772349143,-0.00162674883090931,0.00251696346292362,0.000956917373042291,0.000353172239015898,0.00586442092013312,0.0018976667545968,-0.00025079627805956,-0.00440188108237703,-0.000938758910873565,-4.1891000917992e-05,0.0199570214144719,-0.000797652714921894,0.00187016690786591,0.00246677058077618,0.00471627616646574,-0.0024086002420097,0.000475152260855345,0.000458894333344601,-0.00292581124227934,0.00234686929947399,-0.000144042930009996,-0.000841992321283036,0.00297598408207169,0.00715073780443498,-0.00349504610844869,-0.0016278778574211,-0.00266034674697503,-0.00025225936511801,-0.00145249748828051,0.00675452686036931,-0.000172717143539145,0.00339688007000967,0.00083785119035972,0.00594353372660269,-0.00187095683346016,-0.000213915781104191,0.00209900200544702,0.00169414784022328,0.00176244516301997,-0.000391244517272172,0.00502265063113608,0.000608486550058796,0.00573120463706499
-0.000689292447147665,-0.0028936160790962,-0.00087499176525083,-0.00261855403919393,-0.00261974125763926,0.000664235118595505,-0.000666730130782427,-0.00733823908876124,0.00136889325480873,0.000971919715179571,-0.00233528291680284,-0.00169874185652481,-0.000904120690943378,-1.84022843194838e-05,-0.00279349796939943,-0.00155453233712589,0.001300790829089,0.000859099523353727,-0.000653153681806491,0.000204769943528567,0.000291806502302127,0.00252595051580972,-0.00138831829922804,0.00238139411139198,4.8767972401203e-05,-0.00261186582241552,-0.00149860256549858,-0.00164112190684596,-0.00018084341350725,0.002740337694705,0.00474601452360186,0.00149892077473898,0.00239465287619015,0.00586913383732047,-0.000936926514537627,0.00343596827471512,-0.00320678304438066,-0.000428822482518571,-0.00123251724959227,-0.00301840960086639,3.35127083626524e-05,-0.00263022847517251,0.00205011359914153,0.00141721223873368,-0.000459431506406454,-0.00132944989670528,-0.000454794861288413,-0.00247863803794154,0.00206402220149263,0.0011889838602487
-0.00143850152637064,-0.00144429211465311,0.000769450231885551,-0.00395387737847655,-0.00229303831906976,0.000846268395539181,0.000135325898581021,-0.00263970157089998,0.0023541342097831,-0.0013060466911228,0.00239802899139359,-0.00124757744108869,-0.000777745011478625,0.000828986844077685,-0.00176045237593321,0.00398616811985028,-0.000146231232389175,-0.00225703330090261,-0.00146881714040814,0.00120417430344298,-0.00254293484111933,0.00366329269177131,-0.00326236430088787,-0.000156499418547544,-0.000132008315711912,-0.00123080771512965,0.000145052624082263,-0.000895920779823309,0.00235500049810023,0.000986674806047766,-0.00348016402259511,-0.000752300782477006,0.00085467943779033,0.0022548324400782,-0.00182115798837187,0.000176925325502694,0.00294317553509433,0.00275597940763162,-0.00436448816007668,0.000722437295389444,0.00692096947848448,0.00248840373066154,0.000669547382075113,0.000910053487028108,0.00189762224022125,0.00143826795518309,0.00679101050300852,-0.00151513929292237,4.14723556818391e-05,0.00168185892897484
-0.00165601693703557,0.0020407953790207,-0.00246756277573006,0.00457785153112663,0.000564115910540112,0.000799014370835759,-0.000477840796830987,-0.000497780350239407,0.00188777182241838,0.00259716418371248,0.0031189936316946,0.0029641621814832,-0.000608023995125062,0.00157222011242445,-0.00306616842542173,0.00028654861637705,0.00211780845353357,-0.00403747670250884,-0.00110235301636939,-0.00196946030002815,-0.000823497987318706,0.00300483620332765,0.000257672603074245,0.000596435734508702,-0.000919804875993009,0.00507944235671159,-0.00340790885513869,-0.0013467067494582,-0.000687254809007495,0.0024356251206194,-0.00263674433122548,-0.00266630204494723,0.000512534102102362,-0.00336370642883285,-0.00249676337520771,-1.92401382891158e-05,0.0020727925111825,0.00477958497322489,-0.000492024686399348,-0.000981838188690064,-0.0013984422824152,0.00314044338083539,0.00429786595629686,-0.00122865458869104,0.001044289875723,-0.000108899407072546,0.00295374621636193,0.000563410428861919,0.00167273003309911,0.00249850300187393
0.00103352718513304,0.00120548220430545,0.00336635419062684,-0.00202329950122917,8.54550144631536e-05,0.00018388901539714,0.000741064140472815,-0.00514759697396019,-0.00293776540234114,-0.000285369285301069,0.000798550267449952,-0.00123380905998339,6.16428054507957e-05,0.00153999540749666,0.0021839515875219,-0.0015267798539633,-0.000348340382742047,0.00149234985342895,-0.00127659324075598,-0.00101088794013141,-0.00398314901489267,0.00046790443401379,-0.00476224066835052,0.000448052021019468,0.00717820645881145,-0.000833613533023017,-0.000775328137648794,0.000902305844522554,-1.04055251184301e-05,-0.00263326069900756,-0.00576661419642902,-0.00295443349532482,-0.00311739382160381,0.00453998722183842,-0.00270881857831872,-0.0044854129222573,0.00283666216292138,-0.00103996743205058,-0.00563274201505244,0.000883957578086088,0.00121287606985183,0.000158163541235888,0.00211366182666244,0.0004293347235085,-0.00271321201107587,-0.00275545692458547,0.00116906374602659,0.000444556982294556,-0.000903609140740815,-0.000548687711705824
-7.58951328485974e-05,-0.00204637301780761,0.00187105508393371,0.00106268749228162,0.000797673676024514,-0.000396010522336932,0.0010239550974085,-0.00445737828508643,0.00119412924258764,-0.00129122616341063,-0.00302750361076843,0.000354717006817684,0.000835876174122874,0.000483999384012174,-0.00110713430449232,0.000599560089954091,0.000831006633080025,-0.00213931259780711,-0.0015143174452958,0.000325357108914105,-0.000776277271001942,0.000146656031744647,0.00119153357109645,-0.000571747301074923,0.0014274631115414,8.77409394196078e-05,0.00236108991649993,0.00176316869857321,0.00180812607632181,-0.00175468390334777,0.00100497376655232,-0.00726195532165679,-0.00364315084783139,-0.00529852462007208,-0.000768661343981924,-0.00199263624693579,-0.000378603409655505,-0.000533458872538325,-0.000205932580303803,-0.000705753910479235,-0.00119589169710611,0.00169783570352083,-0.00297755714843486,0.000839637503048695,-0.00271108964334318,0.00231425532815196,0.000413565812571876,0.00221573082325974,-0.000892957607283567,-0.00342220865193743
0.00149472681739982,-0.00464322273506677,0.00183293002632718,-0.000194358696318167,0.000597409262073974,-0.000416069825277115,0.000495713297523561,0.00547918952068815,-0.000871368585883994,-0.00249311654202322,-0.000714486050358919,0.00281271487112331,-0.000339624537049372,0.000591639779016645,-0.00161384851710539,0.000479744755723436,-0.000146166728981032,0.00175911984717558,-0.000386221420285303,-0.00216032732044935,0.00245557824233457,0.000633659080615703,-0.00234165309441105,0.00352519557585289,-0.0017693129359092,5.86278378549785e-05,4.39262290198016e-05,-5.26461684836629e-05,-0.000672394951988284,0.000859430737108086,0.00638139668054099,-0.00211955807961976,0.00234193298799959,-0.00305120757402577,-0.000205061641895412,-0.00490098491998676,-0.00278038521376358,-0.00243567184676909,0.0019469107854904,-0.0031061018632857,0.00533996282011104,0.00114218521207301,0.000712074304973286,0.00113418950844176,0.000719418306966769,-0.00178613670028268,0.00104106371833561,0.0020845687526565,0.00143149521925162,-0.00232230994249202
-0.000829060665975784,-0.00533321671293199,0.00182632941151608,-0.00049529841593214,-0.000940397510356167,0.000952948266227762,-0.00618863911623973,0.00431817251994166,-0.000947072066047851,-0.00338212273408121,-0.000549523351411768,-0.000673987888947736,0.00250995880673706,0.00359954131619559,-0.00135433203049523,0.00139851914548216,0.000787712598979252,0.00376515467503882,-0.000306465475513409,0.0051933630005567,-0.00129646542638271,0.00169046786905657,-0.00123160999659176,-0.000712358240223321,-0.00248119366098857,0.00677916147822894,-0.00148781666234894,0.00288666454929717,-0.00084097306633663,0.00171032511847158,0.0118751457096085,-0.00472664264153071,0.000558853833188262,0.000544468656683472,-0.000706131173784564,0.00354487980591889,-0.000353170181170236,-0.00208982040399968,-0.0023479419863948,0.000425961437249468,0.00323855033327349,0.00215525958912548,-0.00538280822446278,0.00034208135857121,0.00468826408085759,0.000391308404321575,0.00465898155844167,0.00189207236979979,0.00294406207272636,-0.00656204775183309
0.000880614920106891,0.00306041947851643,-0.00324052183471749,0.00246385167638479,0.00191039201769561,-0.00168817448164555,0.00187652583650927,0.000275002230230601,-0.000590893809845742,-0.000358572958364517,-0.00177819420539788,-0.000472920045407365,0.0047406915221107,-0.00193984126396667,0.0023654942275785,0.00196798608286305,0.00167635634419308,0.00533243796650471,0.00276998982065453,0.00011606844633763,-0.00210838052039656,-0.00754546437510922,0.00316808412330113,-0.00204464782592102,0.000193360468916435,-0.00150294966307267,0.00111110490601262,0.000203638647480213,-0.000480421744687377,0.00106180389712238,-0.00622974057088123,0.00403737601315081,0.00161672147249798,-0.00239044072734083,4.88896649253118e-05,0.000111392293097181,-0.00621503058775647,0.000452968731500354,0.00370818706679152,0.000761739355620445,6.87316671047857e-05,0.00167926234898585,-0.000781073941061208,0.000990669775966324,-0.00189795035120673,0.00310171475035189,-0.00726641696661749,0.00170315384766229,0.000277275493435028,-0.000981855363333723
-0.000653791044886618,0.00635839481507378,-0.00223900399282414,0.0024399137517264,-4.15621134927969e-05,-0.00287586755976055,0.00241609587512419,0.00332123579410153,-0.00160630846207751,0.000368858916963103,-0.00157232142455216,-0.00192918238541761,0.000197070632352396,-0.00187439607262709,0.000134214405620954,0.000536331293539965,-0.000875957088309017,0.00168074682050787,0.00129014617668104,-0.00171877207311168,0.00350723103416795,-0.00167548413038285,0.000457000599497966,0.00424652399802159,0.000792123625100337,-0.00165219337745098,0.000514819093336133,-0.00330690883537598,-3.20034643205315e-05,0.000441866021350253,-0.00258135458348357,0.00280332886140148,0.00154311428746037,0.000728780858704746,0.00208757729203833,-0.00176061849052961,0.00278495369292595,-0.00128320453753948,-0.000563264230157505,0.0012930911636274,-0.00219962148805666,-0.000879942577370251,-0.000872441391744107,-0.000970907083599112,-0.000423023075288804,-0.00229301740508905,-0.00218286767352339,0.00180275902014333,-0.000680676757873505,-0.00294691497858162
0.00017610297499451,-0.00222773236369954,-0.00105153179366778,-0.00256490419463943,-0.00187605015047956,0.00122672617735282,0.00240410374882428,-0.0127496450090204,0.00146706103352032,0.0014871244934942,-0.000460856752408806,0.00054446652656214,0.000190501210016253,-0.000323391993236095,-5.61498892097394e-05,0.000824045426474277,0.000325328126246723,-0.000434400404128961,0.00226355464247999,0.00179058109930516,-0.00183625703243803,-0.000793959810426879,0.00217510538623179,0.00145074986713925,-0.000502653525316416,0.000346857246532752,-0.00173594602278313,-0.0019456473640765,0.00179383138667749,-0.0025735734068989,0.00133848743194072,0.00083210175553587,-0.00126373254984827,0.00148880429454997,0.000552920782858307,0.000947867367953151,0.000568073387663505,0.00164204613393953,-0.000673452090684089,0.00139417402268007,-0.00910726919673009,0.00123425455476046,-0.00271065623921575,-1.03263718466371e-06,-0.00343788912693845,0.00301975072465311,-0.0036214958883013,0.00130880778032723,-0.000160606303743802,-0.00184007174942594
0.00101646633309649,0.00283876038398181,-0.000978155496949917,-0.000146527289970827,-7.92731250346423e-05,0.000562957053823204,0.00158877012787334,0.000102712625807833,0.00200004886431847,-0.00043236638180043,-0.00369921174915083,0.0016665341139101,-0.000508225086038929,-0.000718838324739513,-0.000549767099266344,-0.00138602375998556,-0.00113485260721935,-0.000518314862282569,0.00309055552477872,-0.000164568748557249,0.00242599417953353,0.00505785926933355,0.000780679745116772,0.00245951612719992,0.00043862713710171,-0.00380832939158128,0.000367928465341691,-0.00191991644796824,-0.00134374063730176,-0.00201271510167287,0.0014138436303369,-0.00078028504085724,-0.000784927621074513,-0.000627411379116567,0.00128939692777852,-0.00267662985568445,-0.00477419477564487,-0.000618028824100694,0.000522730149602796,0.00254680129640086,0.00115552085042428,-0.00253115318545418,0.000720067958107478,-0.00172447159783109,-0.00273223667567505,-0.000410886599192181,0.000143313639828103,0.00332186937327206,-0.00103643000759977,-0.00125975422083278
-0.000399195002270613,-0.00183013624511847,0.000842313382168715,-0.000881896663312374,-0.00152793111147576,0.00208395285653798,-0.00531179461687413,0.00740149153969724,-0.000734510096251034,-0.000360350199746974,-0.000764921914478642,-0.000228706825688425,-0.0029063166208269,-0.000256816772458852,-0.000270282263699153,-0.000712855321202663,-0.000505540890833379,-0.00709972343157644,-0.00212169421099966,-0.000177444865317913,0.00186396672807306,0.00286465541543555,-0.0020019389569124,-0.000131816683242968,0.00162733066403894,0.00111456931971955,0.000260566605228975,0.00153773036004865,0.00489290081199216,-0.00111670863430886,-0.0084446030731232,0.00238244469614522,2.64477983332768e-05,0.00565459401166078,0.00159007156582258,0.00469885405597459,0.0060520004852711,0.00133476573032161,-0.000627896229416686,-0.00198894798331923,-0.00182577983080596,-0.00167117223047556,-0.000978080254474512,0.00124559984092993,0.00434270376287474,-0.00188751346934663,0.00298017667663839,-0.00132951688874234,0.000673741391322659,0.00903116614752537
0.00127201841305779,0.00575868738351072,-0.00168622884153577,-2.5725814919827e-06,0.00180733527986348,-0.000349027672340679,-4.62117897390305e-05,0.00167254715373351,0.000334836912234,0.000890474690476603,0.00323072726196034,0.00106459254213483,-0.00533798732434669,-0.00038155339574967,0.00113850283147903,-0.000904165492539001,0.0010654408182559,-0.000604260191014273,-0.00233424037503373,-0.00069847842431717,-0.00164463597381647,-0.00545510009629682,0.00148656669192533,-0.00073977640557687,0.00127491712255632,-0.000662984182527335,0.00148507993143358,0.000148707412018867,0.00112763892290696,-0.00030951652408246,-0.00719921946308143,-0.00401739694628813,0.000622663670008218,-2.83164291111311e-05,-0.00170878795110852,0.0027238633025769,-0.000397269117438582,0.000140332417913387,0.00122621182304111,-0.000109642198349137,0.00727071020231595,-0.00225601372422634,-0.00100950629157491,0.000707806080587687,0.00124804855552456,0.00100685401169668,0.000972055144112396,-0.00366933676263529,-0.00180202572520815,0.00340866330734649
0.000439804757128117,0.00865045983488724,-0.000428646681431955,-0.00169953564476009,-0.00193277556717028,-0.00359909959518923,0.00105088125643545,0.00123426467100882,-0.00328122225666257,0.00560464463976782,0.000183436603271763,-0.000921821258244935,-0.000449472293298187,-0.0015775439691487,0.00256508781055325,0.00222148890320305,-0.00146883358639032,0.00623922443071771,0.00185971423143518,-0.0001223904267542,0.000482257957195014,0.00315109449046259,-0.00101811443020482,-0.00211917923605665,0.00115943550862728,-0.00272812253674116,0.00356428817898711,0.000839023139028272,-0.00756578073003665,0.0018389897881143,-0.00634358589719811,0.000902436995961636,-4.52952446392294e-05,0.00248346453002137,0.000348264734741053,-0.00153806596309222,0.004254090909743,0.000176165541061907,-6.66280099570832e-05,0.000195678060774436,0.0156086370230351,-0.00497748148245201,-0.000609519780807035,0.000285430793080216,-0.0012733594741738,-0.00334622094265623,-0.0061268368325611,-0.00218898900225008,-0.00155805400506055,-0.00183640597142128
0.00254086320710607,-0.000493206389241475,0.00028624972194279,0.00229109381481278,-0.00087736980621591,-0.00162330264481651,-0.000832152586093344,-0.0181652410104538,0.00192767948710622,7.36760964000477e-05,0.00203415970621517,0.00260707878261254,0.00141722929984339,0.000251949867913556,0.0033445331791131,-0.00439496374970805,0.000534578997333045,0.00390674854650771,0.000576059794703826,0.000254637362653582,-0.00469402376993036,-0.00766903026282882,0.00239027217872888,-0.000929546974839342,0.00205317646035888,-0.00281504362794409,0.0011718000890777,0.00384570321057513,-0.00732478912500747,3.12964221223022e-05,-0.00675947339360343,-0.00654064631280608,-0.00311140232330434,0.0058353429459319,0.00061444719679546,0.0124145874634539,0.0114813782966116,-0.000896080623368774,-0.00376218247728728,-0.00043783859531513,-0.00314268269904226,0.00103644902454396,-0.00177892982358211,0.00200850820924183,0.000828672968292764,-0.00157008753266239,-0.000672036205067347,-0.00218463953044846,-0.000348238242525289,0.00187308157009542
-0.00174511453931671,-0.00636394994086489,0.0015196886740459,0.00169020990003061,0.0022864701526109,0.00247401773841388,0.00138531817504085,0.0144139689812374,-0.000764681587422155,-0.00186723534981241,-0.00131258806316456,-0.00268979141223489,0.000534090295491934,0.000589526328400017,-0.00110215351655361,0.000731362878208997,6.25462284795407e-05,-0.0083742857973821,0.000704124856809422,0.0013272158156859,0.00197436477619012,0.00654440394548415,-0.00138773322423412,-0.00275959238623104,0.000851195987214449,0.00174211394239434,-0.000318127287547844,-0.000770067412253473,-0.00691800808001606,0.00284089884924118,0.0148689558979379,0.00229853661071413,0.00404280216767837,-0.00861177372914665,0.00124471686563828,-0.00391622485151488,-0.00498627795265665,-0.00157216842142644,0.00542807695842809,-0.000385130559492017,-0.00495710935159513,0.002062991056225,0.00514794866466463,-0.00252482446339449,0.000192852730147809,0.00352581328852386,0.00280446778520516,-0.00727770282868498,0.000604297491771833,-0.0054934435221221
0.000292962304942961,-0.00398294794816683,0.000434923935746298,0.00277590309592278,0.00201053574148909,0.00438681242467674,-0.000934483068400533,-0.00984214443163858,0.000292935868936523,-0.000161445258676626,-0.00207713525991845,-0.00156387621045499,0.00201550200046165,-0.000899847659622726,-0.000368449045468875,0.00126361516659298,-2.16588505698942e-05,0.00321458669930609,-0.00105106361445907,-0.00274446506859108,0.00359474173086269,0.00792199688046393,-0.000102958412126126,-0.00297220347160465,0.000647258995964994,0.000976878200128956,0.00155449740517735,0.000311234522087764,-1.62992130122469e-05,-0.000374305776271814,0.0039517486520014,0.00182305232890646,-0.00415394738281472,-0.00114764981820382,0.00118693411747718,-0.00115453418603194,0.00657184576146121,0.00106282173525646,-0.00180908240611995,-0.000290988147302333,0.000728460141551506,0.00216113527095698,-0.000337671664038171,0.000338130135156149,-0.0012991509992242,-7.28827529296531e-05,-0.00195368661906639,0.00214079461276908,0.00193374501824416,0.000561317424469562
-0.00139548755899605,0.00372998009481737,0.000980325718098557,0.000536797438512919,0.0017680056446995,-0.00311776442280574,-0.00175145325619456,0.00160426363544807,-0.000748475418806044,-0.00174162683626694,0.00189678927365157,8.40219166309727e-05,-0.00145542488203934,-0.00172319610490851,0.00135964010439326,-0.0022972847214439,-0.000218324963162464,-0.00150686959355878,-0.0034285766167456,-0.00101085451915004,0.000155142167409893,-0.000776897889489568,-0.000675313604710372,0.00366244424108311,0.00184525513007374,0.00227567643021514,0.00119623919082039,0.000174454683808765,0.0010996079018525,0.00166115123874188,0.00671807165754515,5.91326157851592e-05,-0.00112979810147647,0.000259586095934725,0.000195513306457306,-0.00352763154939768,0.000220897842381385,0.000142003693192087,0.00185112197144499,-0.000728457616526547,-0.00648227557465406,0.00331130229443205,0.00455308770214233,0.00055031161244024,-0.000125156976175592,-0.000749937896183168,-0.000875879165529526,0.00171303389940215,-0.000570894700078475,-0.00170446233940495
-0.00171711342515327,0.0101033786101236,-0.0018713610198596,-0.00437165020660635,0.00185818204549757,1.83242080286735e-05,0.00153710977478111,-0.00288486382155289,-0.00326756067626644,-0.00135866776785488,-0.00309203506572198,-0.00281880715384282,-0.00267775427516252,-0.00202438027576866,0.00438899056531321,-0.000864406921108113,0.000274203825526396,-0.00163060632438389,-0.00147518154236021,0.000359541309586916,0.00187960193991251,0.000261230584110507,-0.000384913372001751,0.00163731024967157,0.00127721443397462,0.00256245140786888,0.00101017076038585,-0.00046929362957436,0.00625968846972724,-0.000904442979960907,0.00825589625071349,0.00701476589399233,0.00359716241226888,-0.00457656367343111,-0.00133226280222076,-0.00112878251930127,-0.00635572668745896,0.00414098825998784,0.00102657461290447,-0.0012898995142787,-0.00690274461013403,0.000130163161186173,0.00400573256024828,-0.00299775720065194,-0.00105664837909581,-0.0010227760832986,-0.00243934922653367,0.00109209668292782,-0.000551207572650403,-0.00317220663890527
0.0013790578761306,-0.00568157844229742,-0.00318392105360358,-0.00244799086848739,-0.00245255435749941,0.00131481079561532,0.000318075832883547,-0.00432340483878542,0.00233373059926557,0.00172354655933649,-0.00251262985200895,0.00578283632464906,-7.45481216825762e-05,0.00102727363496019,-0.00308760218575943,0.00146060452548064,-0.00103602910079761,0.00206936343842032,0.00379272037640182,-4.59477963465816e-05,-0.00134048814772898,-0.00635540723449947,-0.000761126646721411,0.00177061865751889,-0.00405373719947458,0.00310060390557889,-0.000278060541700826,-0.00285069646392283,0.00371669658936573,-0.00206975190862519,-0.0163787062830929,-0.00309454916848449,-0.000308318810468193,0.00138736427642297,-0.000419350059243704,-0.00180710852990337,0.00107884953672487,-0.00242591603649773,-0.00254775359663663,0.00117347461719341,0.00112367152284959,0.000361462531156459,-0.00556277069047974,0.00169262846918533,-0.00109241582956459,0.0017684123441632,0.00397028448918627,0.00497914539325421,-0.00043483703396882,0.00749622969927528
-5.85303715450356e-05,-0.00647887580064282,0.000560395499736028,-0.00119486603189511,-0.00239299057228847,0.000538337403854069,0.00169664562918205,0.00631605754851152,4.11339706880099e-05,-0.000679108888787949,-0.000748999655855674,0.00136266585218188,0.000587091861010095,0.001328389989219,-0.0007336409830856,-0.000407048651057096,-0.000375725699666411,-0.000105399462468193,0.00125587513325668,0.00232129407085024,-0.00258685057711362,-0.0029539379343358,0.000160562286634851,-0.000622712182197799,-0.00219004760706145,0.00242261963360332,-0.00318702214460071,-0.000410241364443991,0.00229115207093775,0.00243400584562998,-0.002345524076295,0.00225093456191319,0.00318536071053294,-0.000739923715282584,-0.000767641987568887,0.00096878078254332,-0.000255397685961629,-0.00183003580916056,0.00243124958153776,0.000897271312022193,-8.49630854913422e-05,3.30175157494687e-05,0.00214425178399515,-0.000436611096192429,0.00016554694979703,8.47970979887479e-06,0.00432520483384074,0.00025674407569006,0.000363086343503717,-0.00220245151886561
0.00107136363653905,-0.00131896976413157,-0.000513407271518353,0.00236902026037118,0.00157924221718623,0.00132161183111102,-0.00189777376841741,-0.00611204416451574,0.00112553037167968,-0.000320040791431345,-0.00364722231646366,-0.000568714414808134,0.000804005151305003,0.00157550227119811,-0.000453865814480377,6.57243580394739e-05,0.00230086688408378,0.000232767911227989,0.00147579837692363,0.000946825331799397,-0.000620883199921164,0.000138387364554988,0.000253972006589637,-0.00120391458455392,0.00159268288342574,0.000705069367184054,-0.000831987203510692,-0.000552428991446147,0.003336995278513,-0.00301487210723068,0.00350959038087969,0.00111618032834855,0.00017093849371335,-0.000648066285464753,-0.000755463716491066,0.00351191497158906,-0.000240648418090114,0.000498359922638119,-0.000465005736579661,1.27154752002788e-05,0.00120784505124477,0.000816037738896753,-0.00233421495082809,-0.00133730707018032,0.0016826096458422,0.00182873052816191,0.00140049525618809,0.000996395976942224,0.000733618303586355,6.62055643684103e-05
0.0010966819318667,-0.00300980892997739,0.00355058174008652,-0.00217994815354853,-0.000699735326488091,-0.00297722088216718,0.0036300991320598,0.00198431585193781,0.00077474898737253,0.000210795565845531,0.000558951639032731,-0.00294949769980995,0.000495590826707284,0.00150218403360794,0.000792570577439103,0.00384005877454039,-0.00115625260107275,0.000665767889878909,-0.00104904918245408,-0.0010737621864155,-0.00162152461126305,-0.00173821429527676,-5.7799804070321e-05,-0.00125419459704264,-3.6782368764968e-05,0.00209384049097949,0.00433641331026764,-0.00229751639738997,0.00244376739198368,0.00173370680823828,0.00698458353452812,-0.000544206957396413,0.000345717965988375,0.00168743014393555,0.0017588541491129,-0.00614387032627125,-0.00216245508549971,-0.000215537185253991,0.00439325276713117,0.00229726944579797,0.00888877203811103,-0.00241244523881603,-0.00298643483474366,0.00137609662628566,-0.00163203315189688,-0.000205587706299606,-0.000347292335569338,0.00167109502878149,-0.00102472452775924,-0.00177433284708234
-0.00106540905072276,0.00991005897998519,0.00228602804947555,-0.000470735500206738,-2.60764766894659e-06,-0.00324743714714027,-0.000826445920103412,-0.00582858176530607,-0.000737860403885198,-0.000815253579863169,0.00621489253070264,-0.000842410574256255,-0.00113294405501669,-0.00164544527635598,0.00118633356196586,-0.000438580170138161,-0.000355658649497757,0.00381260306296983,-0.00103642355315925,-0.000124995718501723,0.0022907834522618,-0.001313891926993,0.00304644705549704,0.000967618918382664,0.00203226556879131,-0.00558055800152189,-0.00196703729043534,0.00375094166714944,0.00121822838952765,-0.00143169560461767,0.00588655270747158,-0.00236155404219522,-0.000821450828175285,0.00399091478575031,-0.00299792883458806,0.00146329190150351,0.00205117051628568,0.00117155456755374,0.000438659503865187,0.000905625979392208,0.00101134969636224,-0.00221765177478251,-0.00218252023368565,-0.00150437715044224,0.000582629941542604,-0.00198651380666701,-0.00033464351545046,0.0012578018958266,-0.00111417595828699,-0.00103315216096004
-0.000473152646501439,0.00200853477149215,0.000567869867450866,0.000179574318811987,-0.000165020365707297,-0.000530810296462869,0.000888694288753237,0.00629068848534516,-0.000975749429926666,0.000818428696783517,0.00357059857344741,0.000645140844673105,0.000844560065555094,-2.37503445372289e-05,0.000444228128772332,0.000179992527650164,0.000129463409317277,-0.00238475403689672,0.000592541883389354,0.00165637509504193,-0.00114368951261229,0.00238223287628383,-0.00254787737283041,0.00119980925328484,0.00207590794299548,0.000674618008356875,0.000402709680430214,0.000534317233180414,0.00126617743261094,-0.0014623132064473,0.00012588329094803,0.00174159882298971,-0.00255200648071288,0.00250674884607595,0.00343316857559222,-0.00139123116385743,-0.000523041160557111,0.00152259929586317,-0.00244948762916662,0.000287822414474347,-0.00221896562415717,0.00128042924902777,-0.00237437000480463,-7.56251698986616e-05,0.00197177354475322,-0.00121188321299658,-0.000593461527316582,0.00109216442380425,0.000294501369277058,0.00620919379997969
4.40872685050349e-05,-0.00644582734844492,-0.000591656074363291,-0.0027040490495924,-0.00119725682186004,0.00240670073143963,-0.00185043223883221,0.0128801894326673,0.000917988702850463,0.0018650284145751,0.000812254876051899,0.00182700022022132,0.00266442531741122,0.000877729529799623,-0.00204124845569705,-0.00226316963565754,0.000260361583191366,-0.00451133645968376,-0.00137424446571667,0.000688844448811466,0.000882029680324559,0.000574263464681068,0.00079852516981107,0.0010854918701879,-0.0027456332557011,-0.00125554801700079,-0.000722380973614635,0.0034033681092601,-0.000455499097730681,0.00118264828102452,-0.000495253242607511,-0.000877605114364375,9.43531675716196e-05,-0.00289003119009544,0.000589131108448353,-0.00244631706512461,0.00418779778141977,-0.000157109130555387,-0.00225208315730497,-0.00150987516312914,-0.00856602523446825,-0.00115065423920669,6.31943175464812e-05,-0.000190992943938056,0.00120428074098925,0.00119172865602624,0.00707026094837547,-0.00250225888830614,-0.000137909376328469,0.00606873998968387
-0.00177489776352089,-0.00923758142251406,0.0010728983578936,-2.00566629227161e-05,-0.0016159188433283,0.00197354945098772,-0.00459110459048314,0.00878192916182754,-0.00101207162818473,0.00284333585974456,0.00265964610123459,0.00296583145865474,0.00096118594155067,0.00132310849910408,-0.00538846884927446,0.000972322391084614,0.00198899255330722,-0.00359627248931231,8.78643663215552e-05,0.000784716913365702,-8.6355926476993e-05,0.0010924238563736,-0.00335914822070736,0.00273764711828858,0.0027379475815451,-0.00462460969737,-0.000802392895351237,0.00108267830421497,-0.00704780183277376,0.000594507209895495,-0.00134982187958055,0.000741512735256143,0.000942379647844485,-0.00166818517743934,-0.000405949608143604,-0.000732729723915979,0.00439995418043091,-0.00166793295131521,-0.00269149007584568,9.55499160756373e-05,-0.00304282646726057,0.00090570394880113,-0.00227543758538872,0.00227836108690912,-0.00212642784490983,0.000335153922390213,0.00414409710729875,-0.00416983049132044,9.31304841946368e-05,0.00231484774931715
0.000568615289689002,0.00986733741792062,-0.000102175011342823,0.00246790272276721,0.00108726109613206,-0.00154847807187728,0.002836481297633,-0.000161557230055828,-1.41383114678552e-05,-0.00148316226818176,-0.00204828614339743,-0.00144127092569339,-0.00234210311736548,-0.00251107996560167,0.00449475606650431,-0.000342688899865393,-0.00273529615680657,0.00374196751789706,-0.00245979138723119,-0.000635899855918821,-0.000395697650775458,0.00399639582833722,0.00228687820768342,9.90800050593007e-06,0.000508651605213823,0.00273958693309693,0.00120006024196666,-0.00292887202776177,-0.000816107663329876,0.00187301847961612,-0.00233412796902797,-0.00178385381257511,-0.000176838132594241,-0.00186003773119193,0.000367807009181902,0.00515405104336932,-0.00369717561200223,0.00193808236945687,-0.00176549965405207,-0.00111678623741961,0.00457769168776799,-0.00073765180941098,0.00596800925453432,9.38089772406324e-05,-6.44753741670932e-05,-0.00073390003627676,-0.00756549265660019,0.00021042312727639,8.28800974539163e-06,-0.00343600835555591
-0.000167709064315993,0.00359622722518913,-0.000784586426370459,0.000808371045259269,0.00135537732726803,0.000546393002777639,-0.000346495841094929,-0.00378988207760583,-0.000747585375978714,-0.00107361585520294,0.00218273080508521,-0.00241172385776408,-4.26030249465168e-05,0.00111233916788549,0.00175863478941495,0.000753803049950617,-5.0286198764322e-05,0.000317450630861038,-0.000289469191828438,-0.00167659740356818,0.00374497072837442,0.00166412124037027,0.00417046038135225,0.000541667962822409,6.85461478093062e-05,0.00109302528230097,-0.000803059634870874,-0.00132295066384323,-0.00592690150371198,0.000745170168679559,0.00141588185473765,0.00165762317769883,0.00251614985849387,-0.00158589502694011,-0.000595334961933444,-0.00608652407064963,0.00565491267833758,-0.000237898213670914,-0.00108618831372327,-6.56089104941456e-05,0.00042584397781954,-5.5744727873086e-05,0.00162687330876032,-0.00161130928381801,0.0009642256435371,0.000520524087876161,-0.00239372924007185,-0.00211120856595111,0.000679000160821921,0.000200812488779623
-0.00170691869305269,-0.000944429109753406,0.000570254142002761,0.00146964017985317,-0.000541736523738373,0.00210908763252657,-0.00223358798398607,-0.00572001347424652,-0.001924112907379,-0.00273580979500956,0.00171097095094155,-0.00134784389858782,0.000445262381261516,0.000887145402461997,0.00116429542901373,8.2483715433366e-05,0.000718781073760175,0.00393587210512678,0.000888498619168287,-0.00283162252686362,0.00185026576953462,0.00368791405421166,0.000257143057321821,-0.00333897092859123,0.000848758480107794,0.00262898689909499,0.000274077277633104,-0.000187126594625624,-0.00215445507158734,0.000557264226420015,-0.00015951630028581,0.00155603237155616,-0.00115187474785294,-0.00279911646437562,-0.000776752684765149,0.00255288098657353,-0.0048292572488401,-0.000816195915509502,0.0014258691846147,-6.977899351993e-05,0.00902875709642748,-0.00262741237603119,-0.00145475817936426,0.000771938895210278,-0.00195046227535115,0.000174547944119672,-0.00245784173827692,0.000400400086363015,0.000369436204802739,-0.00438150067133454
0.00120321329229121,0.00498814791819715,-0.00302453964842273,-0.00204664474281628,0.00188871400938459,0.000714140967299169,-0.00192240387563947,0.00628442430765161,0.000464744821503644,0.00167124286611213,-0.00108744573122085,-7.34309199046936e-05,0.000254003363157522,-0.00100029532638454,5.0804219285111e-05,-0.00178494920545488,-0.00244980657132305,0.00600540335228161,-0.000816481333860341,-0.00323565605499347,0.00148759556761015,0.00439097548637931,0.000182796239151063,-0.00180383914315235,-0.00294184024686384,-0.00161718970695049,-0.00122386868006961,-0.000542164974600278,0.00487374420501815,-0.00285629803310486,-0.00743746986135219,0.00244437478382831,-0.00382549555598007,-0.00185228157496577,0.00221053593754986,-0.0038875853970936,-0.00391989898460565,9.48601927001236e-05,-0.000667116467950821,-0.00202749871394358,0.00723814004909064,0.000436772190480591,0.00614625014326032,-0.00147972736915501,0.000800696675590199,-0.000380909834298617,-0.00152372249916259,0.000879637124051587,0.00126523868653866,-0.00460767138390902
0.000158666981807073,-0.00421317112793436,-0.00228715920317792,-3.31496285889515e-05,-0.000437704767467111,-0.00126320632186884,0.0029246894916175,-0.00759757146091778,0.000653842429161863,0.000799438784598286,-0.00191137728557941,0.00010628100303494,-0.000441562027076829,0.000603372236718854,-0.00400893194082994,7.53712371654396e-05,0.00344971751278056,-0.00746693225735574,0.00233919851383718,0.00241581834924278,-0.00367645398975032,-0.0035498826908939,-0.00170820370180271,-0.00383202019456963,-0.00115903909448495,0.00360876645910163,0.00258481872223495,-0.000681472418525888,0.00102105395656936,0.000142626036763024,-0.000519615613389643,0.00357574217485176,-0.000732717620235502,0.0046660860429208,-0.00138321654800307,-0.00421684088749764,0.00254260043005398,-0.00182862995775771,-0.00163319449453738,0.000342543269945328,-0.00611119328130507,0.00324109941593703,-0.00271145878051088,0.000876993390102983,0.000541887728949867,0.00173517462998244,0.00441880561751555,-0.000172857971208357,0.000666351963151147,-0.000892801368209965
5.61221535928233e-05,-0.00157490438614272,0.00206972198052083,0.00285937821795305,-0.00147513278299605,-0.00278045718968842,7.43959385965004e-05,-0.00400020660221735,-9.1874199474019e-05,8.20871312312454e-05,-0.00301096729859526,0.00229122961165265,0.000445896518341869,-0.00145473198942085,-0.00234307851736216,-0.00130615872093293,-0.000189223846970579,0.00594734980629812,-0.000338389815617548,0.00140823855410591,-0.000219235432611787,-0.0042344038396697,-0.00107453222821222,-0.00223360185265016,0.000209877576649117,0.000319812776534014,-0.00038652631749105,0.000161952646555547,0.00149581153249062,-0.00119245869997211,-0.00721862742758213,-0.00260824776175968,-0.000195496914056508,0.00424141536475025,-0.00267983871262521,0.00629103546913007,-0.00175053947313811,0.00119350261567334,0.000678510860296263,-0.00135276850567286,0.00379285388555992,-0.00231501401131394,-0.00114811879379289,0.00247210535540848,-0.0014285719576324,5.80368054037524e-05,0.00323148569772977,0.0022207468841135,-0.00234197724918109,-0.00137353385321244
0.00164446044697478,-0.00187856078602433,0.000776152097808833,-0.000437520677539611,-0.000351665672604169,0.00018459168143153,0.00218358765542331,-0.00451733532336049,-0.000207588733719166,-0.000613541944636766,-0.00452285967396957,-0.00169674782748737,-0.000665252338164951,-0.00123078515087086,-0.000370432339441262,0.00264982084485629,-0.00248636202247549,0.00508536856913337,0.000640241092125785,0.0018487768303916,0.00214650143083965,-0.000955254052189167,0.00171285848755603,-0.000131495831104152,-0.00174388234926952,0.000748524915609691,-0.00129937412499786,0.00185187514881353,-0.000981521706545558,-0.00243163563251218,-0.00855793410415748,-0.00143950280722711,-0.000309675114625023,0.00472915943520313,0.00249655775479988,0.00334160388335824,-0.0010760661419844,0.00136951946113677,-0.000818308447931574,0.004216687498941,-0.000237176863072198,0.000167538579097279,0.00058410867327821,-0.00039574595403374,0.00239184073983656,0.00241565623087054,-0.00342293275195274,0.0020744768147911,-0.000587620845926875,-5.2024597784113e-05
-0.000316907432484029,-0.0146576806057642,-0.00247543289104984,0.00374769111781346,0.00111784958244025,0.0034573303445388,0.00389704627698673,0.00156703072709412,0.000812536922825181,-0.000365763140809685,-0.000341757278150341,-0.00238096571571634,0.00041932153207427,0.00165315869868269,0.000853030305665805,0.000792953701487011,0.000785777927137022,0.00185383766025701,0.00190554223168603,-0.000145527624934802,0.00332660820718736,-0.000523330705657233,0.00498346684113943,-4.10752188290339e-05,-0.000111116636913411,-0.00164536602276608,0.000716308755380782,6.18709013178156e-05,-0.00241947472089547,-0.000332286468813736,-0.000756812159723649,-8.83693781302248e-05,-0.00188592632637011,-0.000279130833270689,-0.00113317487333133,0.00519011832429764,-0.00671239736523824,-0.000890519513883351,-0.000184260682810681,-0.000410206779435263,-0.00657269173275384,-0.00126484042835988,9.83181578245659e-05,0.00334942475386104,0.00208098146471276,0.00113422045745849,-0.00236282283873432,0.0020042490845353,-0.000595315025774092,0.00405448280389275
0.000797236172765038,-0.00308842445443308,0.000863188569182476,0.000917572595721384,-0.00024837173745666,0.000725746447918591,-0.000899770680988601,0.011658772129921,0.000212361164960019,0.000327469499247158,0.00426536327766972,-0.00207507294299409,0.000277498777724457,0.00217288512028179,0.00351106128343474,-0.00526492428813001,-2.89860120333314e-05,-0.00909565921216927,-0.000279255056428988,-0.00116281958010088,-0.00201870121668911,0.000169007839478193,-0.00182320075513968,0.000895806025696045,-0.000345864278926266,-0.00335004783941131,0.00101140155796448,0.000377257140692742,0.00230490242734294,0.00126858760382095,0.0096528779123858,-0.00218769586232137,0.00216753567310944,0.00391786217028978,0.000504564985909083,-0.0035657413143758,0.00246106633053455,-0.00214183353590641,0.00257424026979459,-0.00128614541954234,0.00307321808115424,-0.000810669808641562,0.0037104281328666,0.00137406215508644,-0.000624525415093013,-0.000421475697625342,0.000317961720371708,0.00130655238326194,-0.00206538433766535,-0.0103870700589877
-0.000247006250116793,0.002749050338677,-0.000524327498893128,0.00310990534349668,-0.00147718115711,-0.00223181817591824,0.000415365377852407,0.00390497870000627,0.00067827616885251,-0.000873887023518502,-0.00244201335478628,-0.000807140344520537,-0.000402154851496948,-0.000176051851061371,-0.000388319959334039,-0.0023997564569267,0.000247552818064203,0.000431916309298943,-0.000228775937199221,-0.00216599590884069,-0.00142622428444925,-0.00208200980865054,4.12541867538599e-05,0.00403333274912979,-0.00209814524765915,-0.00292780812095689,0.00442696416107323,-0.00100584191205366,0.000934530204630033,0.000766460331319066,0.00832873467047385,0.000306629696641139,0.00241783598006131,0.000474247790380026,-0.00142928710346386,0.00455822971107801,-0.000723121817810485,-0.00132224745838793,-0.000530537464512097,0.000484298150919398,-0.00157904782003674,-0.00166294555866898,-0.000539314753674815,0.000454930934643531,-0.000357885327410026,0.00103460813256198,-0.00127715918731521,-0.00175523932254368,-0.00178570255536481,0.0019320232743066
-8.48304381781911e-05,0.0105314493331447,0.00145141069848197,-0.00116069898453889,0.000779753533605224,-0.000934984790738768,-0.00303571399540814,0.00633607231733051,0.00196862267387651,-0.000796734383413556,0.0025978762024243,0.000584476052538594,-0.000538289219439521,-0.000944091266467863,-2.85902885684565e-05,0.0014655721933908,0.00108133539289047,0.000253565609015857,0.000531941419692818,-0.00105822916339066,-0.00214581398516989,-0.00143394033129978,-0.00105044410893759,0.00139170492205387,0.000127674722312729,-0.00479647190921704,-0.000233956212060322,-0.00301578611041223,-0.00132848676201032,0.0020619319340757,0.00131721326211832,0.00163917486494488,0.00235602475876916,-0.0036563235878042,3.19102742968473e-05,0.00385896857180344,0.00407856131428575,0.000559547519701928,-9.38429954916818e-05,-0.000267053520548275,0.00192656873773291,0.00262295491436998,-0.000218935766678075,-0.00253574262571325,-0.00122853306762188,-0.00259024202976245,0.000737726459360741,-0.00294645738053998,0.00104608983624155,0.00149146337159355
-0.000542819913473797,0.00249831653678737,0.00164451864921501,-0.001190555827255,-0.000548726268430146,0.000304589727787331,0.00418557802023148,-0.00394831989574435,0.00320237004283667,-0.000857280567339159,-0.00108608426459723,0.00111052468822634,-0.00119848234241407,0.000564075517249928,0.000292410267355691,0.000453599340342464,0.000383416681892088,-0.00279693678994641,0.00118932084527032,0.00390336644072664,-0.00314790221821802,0.00326059259276693,-8.92731083145847e-05,-0.000894730980971649,-0.000506567957105721,0.00256425841374501,-0.00425934705804463,-0.00122312865536785,-0.000106542361672306,0.00242784482329405,0.00145842936070032,-0.00450663167148526,-0.00113055305930941,-0.00746372776352332,0.000685709013753973,0.000160365793683928,0.00507910881420763,0.000520430839359574,-0.00220326954194677,0.00147368303374208,-0.00341440839610099,0.00107759413951569,-0.00227598524813028,0.000255521228985357,0.00162607286681011,0.000201324395472663,0.00205809428700418,0.00331001907218096,0.00142429206330894,-0.00585833840165091
0.000308422663864231,-0.00549233578991435,-0.00022744846159314,-0.00202322425407732,-0.000348758493755637,0.00303349041646603,-0.00161439125551467,-0.00294555479262088,-0.000944767396679605,0.00421350904728463,0.00110718706090668,0.00240076938766215,0.000995475669543668,0.000474134061224854,-0.00158031026149897,0.00170024324455331,0.000817897358063747,0.00400595920149227,-0.00252009733553139,0.00153981894424179,-0.00015328912714235,0.00228600780971263,-0.00153953721832765,0.00017639423515321,-0.000538392298625878,0.00233568078881374,0.00774240602862794,0.00424227212164124,0.000212359367165082,-0.000182963556572567,-0.00394215888158385,0.00034190872238473,-0.00259540299327964,0.000518969226537689,-0.000518104392781529,0.00028356246431102,-0.000882900111852987,0.00121066519696747,0.00298151776441126,0.000429469433388758,-0.00637173988353985,0.00133954660735077,-0.00153471964793048,-0.00363904483032083,0.000803316486685797,0.00134440350165487,-4.78933377216947e-05,-0.00180349951851721,0.00157636568168845,0.00617301207461149
0.00060195338923076,-0.000150794331906754,-0.00158356212387953,0.00138509511896116,-0.00326970800875237,0.000420459068165397,-0.00652347273955807,-0.0103775419671242,-0.00387254878279107,0.000676135025861522,0.000826216888827243,0.0019993204512382,0.00111118489857704,-0.00236577267626984,0.00193710771728948,-0.000530769003251348,2.62785036913065e-05,-0.00513967007554639,-0.00179213350152479,0.000671873198517705,0.00148013159272689,0.00108602581066129,-0.00108772990146262,0.000213291159970134,-0.00172503557210553,0.00239244987630549,0.00364056963337466,-0.0017140664988977,0.00371302799026577,0.000488501152362784,-0.00356157618832633,0.0018088413876375,-0.000856347208298088,-0.00147989336332674,0.000725465298288946,0.00169177430953284,-0.00674730035325737,0.00174444465419613,0.00300924664291804,0.000461983511850339,-0.00342318796506162,-0.00356015811711393,0.000231731317081451,-0.000346966989361529,0.00145617100425105,-0.000511451144418202,-0.000896521948944151,-0.00271114666731307,0.000360143835488,0.00255843407597192
-2.34846899782847e-05,0.00479444705902526,0.0032606976915505,-0.00187129576416063,0.00226989711644274,-0.00139692413196695,0.00105141972135356,-0.00633266091601757,-0.000129427218846233,-0.00020298230759338,-0.00216921613923936,0.00140605022328926,-0.000213551667938281,-0.00128831494035607,0.000427213739576417,0.00247561033356202,-0.00269770428345176,-0.00119615183299778,-0.000821460474220638,0.000672099010924803,-0.000214983514166181,0.000725216375044389,-0.00204485467145458,0.00253618477298938,-0.00403148116064112,-0.00106394835121755,0.00300596648530698,0.000228051190745315,-0.00241631783704523,0.000501270132093526,-0.0033581642612713,0.00338628969527913,0.000536720084360467,0.0020462011819808,0.00132499272812574,-0.00942066609221549,-0.00426187632494865,0.00364610480512799,-0.00190333085549399,-0.00183043986368515,-0.000116081352050946,0.00106690547644294,-0.000944541700190239,-0.00319808150774358,-0.000346041013179505,-0.00305216901217068,0.00164557957873364,-0.00480478391744134,0.000594342720178867,0.00451982251120743
-0.000909826480060905,-0.00276906539999746,-0.000387414683011098,0.000757621163259221,0.00411281799788351,-0.00488118712741253,-0.0018986153066089,0.00262971880508036,-0.00357596471005162,-7.83285940423923e-05,0.00109022842567873,-0.000438119226668336,-0.00193795900744558,-0.000635997348164586,-0.00112000653941201,0.00245954045514082,0.00290454612922407,-0.00394349049908201,0.000190146775344471,-0.000952661229193083,0.00248352102307517,0.00108543256662948,0.000682708347469009,-0.00186973161040073,-0.00044157440872488,0.00282356908383152,0.000422018752153048,-0.000433435972322289,-0.000395176664436389,0.00207194427017724,0.00028594850836632,-0.00532472239916261,0.00237620459567895,0.00160162481228958,-0.0010140893598837,0.00138767399289793,-0.0038038557801037,0.00235929875946845,0.00058378957017465,0.00221066789944951,-0.0107957363686038,-0.00154132799264089,-0.00212038224868789,0.000374869939114274,-0.00220246697347179,0.000290253450386907,0.00157463893508439,-0.00368151992902593,0.00188584785264093,0.00428373630092661
-7.66374731365941e-05,0.00374207601562052,0.000964613279273968,0.00159645819782116,-0.000257836209596384,0.000929336782791824,0.00111554714548616,0.00544426756177232,-0.00167556509551773,-0.000822156854439429,0.00222905198808742,-0.000361662505334904,0.00118744742615194,0.00115007895137187,0.00389145367649766,-0.00211368522369235,-0.00211125592600791,0.000858036591050088,0.00164168860264133,-0.00127258678295873,-0.000258831626885376,-0.00447745907423556,-0.00361270170494648,-0.00583405586888497,0.00605080984957934,0.000250605432979358,-0.00120795740057088,0.000124572998977492,-0.00292795667096404,-0.00305815811779732,0.00208519361573046,0.00998044259347154,-0.00154136137471349,-0.00186424818316852,0.000762207288535966,-0.00378930083146433,0.00759421421230915,-0.00199199921323407,-0.00180992619655119,-0.00207896164086866,0.0126479404357798,0.0022633349080313,0.00464970674496678,0.00256966182551505,-0.000594923121379838,-3.14679118090903e-05,-0.00612644833601982,0.00191792240884356,-0.000887986874366956,-0.000569720809478447
-0.000821370891431543,-0.00282038118245528,-0.000930222627102347,-0.00402580689679949,-0.00178448260221496,0.000995533442408377,0.00156471924922173,0.00151971400311505,0.00442457166477829,-0.00229140497674731,-0.00413501646071902,-0.00101718305161121,-0.000498705201742318,-0.000664368540881265,-0.00125246531241341,-0.00141770651309895,0.000701273724075763,-0.00243073428868632,-0.00152435649864993,-0.0013120597385257,-0.00114755493008892,-0.000889541029919085,9.30631937236431e-05,0.00254605242747806,-0.000507317960770082,0.00123624251662564,0.00281197926351393,0.00103475705187379,0.00372351694323867,0.000238870516270459,0.00447405146194662,-0.00523969928660163,-0.00108275315965566,0.00110977739260768,0.00158635028743136,-0.0022563160175031,0.000849800716995251,-0.000873818126610353,0.000834943303794969,0.000158676101064987,0.000531367268000138,0.00156378391105213,0.00106269613457684,0.000809305168569484,-0.00162361835080545,7.75822036406156e-05,-0.00214792952108782,-0.00253471260837722,-0.000982981915023479,0.00446588049194451
0.000157387243932515,0.0156139484576369,0.000604854245400224,-0.00317605891731303,0.0016349389702147,-0.000629708754150928,0.00194575443711578,0.00423291274750271,0.000454295494371224,5.64329318053838e-05,-0.000801943276201922,0.00127868486822106,-0.000821767635514535,-0.000223678829789551,0.00113142039697409,0.000664667177734276,-0.000505825028997971,-0.000967049701890429,0.000135235666993778,-0.00152093746848363,0.000493445860743081,0.00130059183029053,0.000427942601998277,0.000623898052491819,-0.000185300538173852,-0.0028431821726128,-0.00175976535630651,0.000114793274345471,0.00555932675381375,-0.00145153861152812,0.000376254274013449,-0.00117477682071969,-0.000764165683441934,-0.00107153766783008,-0.00118494497987263,-0.00220336653876273,0.000695139043124277,-0.00409111109038754,-0.00128531301739279,-0.00218240315503864,3.52835580498977e-05,0.0010773403772441,0.00138381832625447,0.00135222667745246,0.000841860990281615,-0.00161158717994591,0.00151289082790863,0.00115257057284689,-0.000576021157617031,0.00110164977123981
-0.0017833097518369,-0.00319594711669145,-0.00163230174519052,0.00629008887662902,-0.000420443691588104,0.00405599393867616,-0.00191803769587796,0.0207254685641794,0.00198213911803889,-0.00296503741509003,-0.00504585039746695,-4.43441968786569e-05,0.00378628649752596,0.00402993414680979,0.00198468614837272,0.000350586502128234,-0.000537432251624572,-0.00572493826991104,0.000646822315267935,-0.00303994984281694,0.000236251489047875,0.00306575224881866,0.00379886167569543,0.00125863788539869,-0.00496798654359723,0.00147754662131986,0.000757709187530586,0.00236387150536496,-0.00120628029275722,0.00089447915603368,0.00394661530206222,0.00402972134749104,0.000827075509018183,-0.00194683149647395,-0.000293652285996916,0.00447189900409129,0.000850662758115154,9.87994785074847e-05,-0.00173783269288479,-0.000772305348465555,0.00141874953105371,0.00240781471072655,0.00221462648558363,-0.00325377385590037,0.000158727960817899,0.000874621478331226,0.000575819380289728,0.00559294260063297,-0.00156563623648844,-0.00359005785062609
0.000147177473889888,-0.00982044538951834,9.64624095040984e-05,-0.000857797320638174,-0.00123818884285543,-6.3260400920432e-05,2.81665382452431e-05,-0.0206819227424422,-0.00176712371832087,0.00146691441867046,0.0090490179278583,-0.00157981489017601,-0.00191822748176783,-0.00290218468385713,0.00090545991188226,0.000618516216324804,-0.00145132819191233,0.0067562117446705,-0.00135677042457527,0.0039253201891516,-0.000641417765653896,-0.00119077416740243,-0.00181672573652833,-0.00186500199567999,-0.00123238595534771,-0.000940426896609216,-0.00269775697445786,-0.000279953512571513,-0.000658179188287922,-0.00265063448545252,-0.00320042500093558,-0.000877733135681994,0.000356616895696875,0.000208141696339797,-0.000599537468979338,-0.00113569610847212,0.00361114920540064,0.000788489377024339,0.000265361267073116,0.00114521000137943,0.00461164959955845,-0.00224527852125087,-0.00506886203690485,0.00187864869099684,0.000698109246061679,-0.00115249862481924,0.00517929436367195,-0.00352406143336663,0.00153607970041802,-0.000203861311850767
-0.000515199162907845,-0.000411497180109951,-0.00154769548764324,0.000885320818695279,7.05301400865899e-05,-7.6234002992124e-05,0.0031336713294031,-0.00296002682306647,-0.000689496605913271,9.5380574609521e-05,0.000742411587788715,-0.00165309724295662,0.000240210745875627,-0.00188106047619395,-0.00167858013649782,-0.00147112937827808,0.00135637078397764,-0.00867611713005049,-0.00249283572297724,0.00276412737510474,0.00329324062048718,-0.00139171294512534,-1.21062368850974e-05,-0.00230727281373266,2.66849215433092e-05,-0.00154839225486569,0.0028342180166454,-0.00152275013331924,-0.00133704724470167,-0.000491800709372951,0.00106677239209252,-0.00220239255353775,0.00323182794725798,-0.00327244996086123,0.00210734994810861,-0.0019197996120083,-5.26990574014798e-05,0.000713613306609198,-0.00133106609477442,0.000662446004057411,0.000437923770224509,0.00304809670985661,-0.000222062170712119,-2.27674666400886e-06,-0.00132473232238473,-0.000791104232316789,-0.00142270331696353,0.00253245998958129,0.00106444093874233,-0.00251079264272986
-0.000356113238151308,0.00596775533886991,-1.94632794726839e-06,0.00198577532833044,-0.000739793512347096,-0.000334942191128798,-0.000965152700522991,-0.00173144244131941,0.00192476997945407,0.00238733155578459,-0.0019676408205467,-0.00156917951884162,-0.00196332514520542,0.000818161257941324,-0.000331925391846673,0.00108404362388904,-0.00202966643168464,0.00838638347351815,0.00508246576118312,0.000763552390118937,0.000410655468038087,-0.00263589790089455,-0.000616166265456525,-0.00176278072777931,0.00074300667216157,-0.00224043954708479,-0.00153037746687141,-0.0024707320784303,-0.00098577868124406,-0.000887112258972221,-0.00282653055230527,0.000971581885366483,-0.00027431500711353,-0.00273712677354601,-0.00156253327393728,0.000450007163758999,-0.000337969325440494,0.000446180356226472,-0.00104796953624522,0.00115215993104393,0.00362990520538816,-0.00156891773788568,0.00242311802500785,0.00190235299034926,0.00142902887801586,-0.0015748962430127,0.00067898647702755,-0.000182165847188801,0.00099861071662234,-0.00145376858904223
0.000438649820713953,-0.00493959335970482,-0.00165037187968308,-0.00224994322180337,0.00120627757759939,0.000422193373637038,0.00229884819050268,0.000515759683203613,0.000293736975945445,0.000858649132595252,0.000799820409776076,0.000380981420894501,0.00223428094809711,0.000499798360897827,0.000937088237943437,-0.00225175422437138,-0.000320023453229659,0.00171963683912656,-0.000113700543272589,-0.000915623148947751,-0.00186667955424899,0.000490381076714323,0.00358379693559225,-0.000275420143978918,0.00295512694550914,0.00371254014460456,-0.00221176809251681,-0.000881593493792336,0.00137036229229006,0.00077280871647107,-0.0011444268548468,0.00468316293579962,-0.00223778932647223,-0.00462223854124322,0.00166948779867411,0.0025042425737673,-0.00100170305615811,5.65839005244704e-05,0.000546612925791051,0.00023859244895846,0.00194623496226146,-0.00167683366648823,0.000145231307071549,-0.000134055220035681,0.00301347788392001,0.00103674179677792,0.00507697161912632,0.00132014460269805,0.00280213562875044,-0.00374601254504119
0.00117792374560247,-0.0028866699143587,0.000331318829304862,-0.00204393173152223,-0.000734870968338155,-0.000590118319828515,-0.00273420254826955,-0.0152078936563641,-0.0028742424184748,-0.00133709165182371,-0.00359836071984679,-0.000220537263563559,-0.00216256311873137,0.00147659966284906,-0.000727255453760848,-0.0012141654478165,-0.00022575174713607,0.00411716390065904,1.93163683662325e-05,-0.00032512762956421,-0.00186302779781911,0.000443210490839497,-0.00116620873219275,-0.000141378718312233,0.00169385423032358,-0.00177074908074499,0.0013334067881653,0.00297531627482653,-0.00286129620602195,0.000337218458618524,-0.00104972865956426,-0.000960889109785324,-0.00331633638774062,-0.000804050578367983,0.00071542323600195,0.0024832091982168,-0.000434443955152774,0.000346966538708868,-0.00361092625223755,-0.00104733322032236,-0.00468502092144578,-0.000940406636734262,-0.000679202150798005,-0.00108591917570951,-0.00197991459877632,0.00405919092292528,-0.00366473542025587,-0.00231915308634044,-0.0028025811610819,-0.00140576950317526
0.000305100947385404,0.00109333266561017,0.000568559065526621,0.000903203743490842,0.000241955010637064,0.00125852952796979,-0.00119488781214448,0.00261246913519987,-0.000910463200089607,-0.00134212845256538,0.0012146670953289,0.000978371863825237,0.000131236998124031,-0.000178308830041037,-0.00144538351617423,-0.000475504609614696,-6.87131824737736e-05,0.000126163220849459,-0.000734784983284373,-0.00104367892015108,-0.000262357470612379,0.00116039474686618,0.00314461566546879,0.00188627164512667,-0.00293338119132649,-0.00106306785690027,-0.000128615650974198,-0.00127010138700381,-0.00257558404202863,0.000260666921436659,-0.00138244327846183,4.55619045005665e-05,-0.00229829688539944,0.00718108652577587,0.00064918896232156,0.00287996626755546,-0.00277642904094729,4.41660442806128e-05,-0.00160761124312962,0.000295937969108787,0.00123278507611614,0.0048772787087343,0.00199057666495974,-0.000354476758121985,-0.00291669349795631,0.00147249160140521,-0.00489168254542703,-1.64133477370195e-05,0.00064105801583035,7.93487384595123e-05
-0.000146342860304846,0.00510660595650156,-0.000812114232903232,0.00308959397139939,-0.001600738305218,-0.00494326786432975,0.000817225451626283,0.0223968277894742,-0.00182257886996713,0.00108458096859812,0.000342562826897106,-0.00110009413052279,-0.000899055472038277,-0.000560427823132318,0.000461206393795172,-0.000854170395695564,-0.00043161537321091,-0.00275377173929694,0.000535339612271732,-0.00242850907821042,0.000304600790304063,-0.00140642533306184,-0.000312634555983623,0.00117731959442448,0.00296114070461428,-0.00165482686404426,-0.0028203559159122,0.00165952281234689,-0.00284400669313602,0.00145347101168964,0.00230080270364346,0.0017727882327467,0.00333345485402334,0.00427718253338027,-0.00213363552640358,-0.00432903468219557,-0.00675596070562954,-0.00121947212688589,0.0037920309683102,-0.000141221674936829,0.00559565884276121,-0.00151762816977666,-3.84943906087634e-05,-0.00105761429364701,0.000999302579242121,-0.00158694130208521,0.00103509613297286,0.00112440807431887,-0.000643250312493677,-0.000180967737713644
7.55285772822266e-05,-0.0101772824644126,0.000290315000560454,0.0043502106135544,-0.000148298673835099,0.000775795217431722,0.00118968516375401,-0.00191919300458056,0.000494072214907204,-0.00111544387316208,0.00208044068292854,0.000521919461263184,0.00408653512485478,0.000444010975149924,-0.000350099889564558,0.00210377292667517,0.00250550394139278,-0.00249740718662393,-0.000690999051492933,-6.08655018674766e-05,0.000261738840332423,-0.00244837124148768,-0.00222855582673182,-0.00144514671944165,-0.00177963479254365,-0.00180446687876538,-0.000270173355880157,0.00232759299761937,-0.00469752677605376,0.000736270349724782,0.000486115705962242,-0.00339004726429044,0.00491284355347027,0.00615250178825389,-0.00138872777159398,0.00324551889454381,0.00740922227265659,-0.00173693247853254,0.00126610486814119,0.000210880984917744,-0.00574500882919669,-0.00344336856431768,-0.00219721018067573,0.00101541345684236,0.0010841889696227,0.000553787739140249,-1.91428670502663e-05,-0.000262569614686045,-0.000297061244459473,0.00197029284447449
0.00162689214135147,0.00429886387388471,0.00256892819052584,0.00222808193782726,-0.00147586008062152,-0.000309386273599399,-0.000255896989205011,-0.00656639535817924,-1.06427032942861e-05,-0.000745130524359365,0.00216053705341695,0.00104045853034698,-0.0018484849114165,-0.000437552706574708,-0.000344320746898468,0.000713225105001967,0.001087744235785,0.00324253439089863,0.00139152921028496,0.000210304020252257,-0.0010688891083066,0.00334775801916522,0.00108906077462835,0.000853173512672192,0.000108601937770138,-0.00159804635120041,-0.00225126880519658,0.00104364870349351,0.00185924216828012,-0.000636237388192429,0.00133362555413403,-0.00491998194099656,0.00324509299264092,0.00411262176267201,-0.000479234769771109,-0.00182649206169811,-0.000772841376774075,0.00149142529223999,0.00363840649131649,-0.000674215126277696,-0.00412306695923079,-0.000567094709936711,0.00102829821831924,-0.00205217140230816,-0.000344572930966402,0.000275007138102254,-0.000265869826008958,0.000493302739856898,-0.00115742734117717,0.0018899452841504
0.000937879537576292,0.00468560930955729,0.00210305190637775,-0.00377924762047495,0.000387064649914859,0.00132838557215118,-4.56961108111064e-05,-0.00182450675699018,0.00195368117405391,0.0019612504157436,-0.00365951734980037,0.000466863006181206,-0.00191092936915869,0.000170768889595564,-0.00209598440795963,-0.000171094452382387,0.00097632555142068,0.00104602711191609,-0.00047282965850164,0.000235743642340565,-0.000175795140217362,0.00123249353307649,-0.00124799670428391,0.000390299897490233,0.00058391149017821,0.00184951454624911,-0.00136697143571883,-0.00128891032293358,0.00906058562027285,-0.00155667743449585,0.00196889453046777,-0.000256411001132405,-0.000855771294411073,0.00244681940682766,0.000532409573868611,-0.000477832314862288,-0.00639760917931895,0.000585804431866498,0.00231504589288354,-0.000827760474558041,0.00130717411625442,-0.00124624851884687,0.000429978817708679,-0.000340231457701406,-0.00123117846292486,-0.00112132923238555,0.00153689299966526,-3.36714792171761e-05,0.00099394511310458,0.00347240107748938
0.000690582419399118,0.00337033568285072,-0.00193182621816765,-0.00779359597840585,0.00165153523931944,1.96129421275846e-05,-0.00067153165208027,0.00147516227346534,0.00221451574660256,0.000659479916949897,7.09167935954612e-05,0.000260423575946237,0.00265395059710582,0.000335661938366081,-0.000506223196875073,0.000706273129963934,-0.00152274545953952,0.0023953844395661,-0.00037864695364771,-0.000454867736388844,0.000494620587035406,-0.00330202897717635,-0.000977425707985958,-0.000416791154218831,-0.000366239392426386,0.000621415505526748,-0.00275367656885552,-0.0024023679739094,0.00859312793432578,-0.00125276325057942,0.00393286383308959,0.0013082881350596,-0.00103138659678166,-0.00216703709752832,0.000302974124767092,-0.00183188140940575,-0.00628944058601814,-0.000347936107803745,-0.00042963658288114,0.000109051212542133,-0.000596294014818052,0.000792985990926682,-0.00090132495453875,0.000616156225920784,0.000651881961827149,-0.00136827518255227,-0.00326095901424027,0.00152848077415345,5.26263818620238e-05,0.00102040974372671
-0.000225058886050644,0.000917634932499426,0.000166881110010795,-0.00575359472851872,0.000984991141108211,-0.000397813990118921,9.19423277498182e-06,0.00628558973824997,4.45033246831116e-05,-0.00206013897427372,0.000722245740697782,0.00105813911798055,1.82357846677119e-05,-0.00140824736447899,-0.000693749109935753,0.000298113361649018,-0.00307371849766067,0.000775622367871634,-0.00142874289040791,0.000205163154430794,-0.000151475028179679,-0.000570729262404206,0.000751952860411761,0.00146611781477886,-0.0031179213789508,0.000170788760077831,-0.000753871215284341,-0.00187510270540923,0.000183815125750139,-0.000249553448901932,-0.00331743960357637,0.00216573467481378,-0.00148882975459598,-0.00482343131823197,0.000810629565940131,6.37672719679154e-05,-0.00165464697578666,0.00030914722056281,0.000388098633372737,0.000142573271722602,0.00180624417568132,-0.00329659024955398,-0.000871461717302577,-0.000653932685849856,0.000597165244458261,-0.000792046958570075,-0.000261772090360301,-0.00100369258005374,-0.000758569210463898,-0.00210832007953008
-0.000729581414423851,-0.00600060530761987,-0.00123732193375495,0.00243739129308607,-0.00108039472394863,0.000596091527998516,-0.00212598901777765,0.00329391453650495,-0.000403779907792136,0.0001972730826171,-0.00633573751493117,2.09211703512793e-05,-0.000627838283426931,0.000524088018308436,0.00115633191864879,0.00122131738207132,-0.000420080732599312,0.00065643659686404,0.00129669462922706,0.000806025439164621,0.000327910003697509,-0.00162238218328452,0.000724148539393405,0.000907264428960718,0.00102907484989808,-0.00128663373605882,0.00219791560581927,-0.000237945524504854,-0.00271165819748149,0.000770423273442658,-0.00228971188757009,-0.00443764446808605,-0.000839525532832121,-0.00427028160605936,-0.000289889418314242,-0.000429054840162546,0.00624594367945928,-0.00189209019341284,-0.00194818113380392,0.00145329279093685,-0.00948938031784663,-0.00169756867347647,-0.000379082108075815,0.00187681997049595,0.000989033988518168,0.00105758077253287,0.00215140043684412,-0.00254238302539402,-0.00213108212574161,0.00136760148731351
-0.000281703577003332,0.00261983616275519,4.16758925491235e-05,0.00264466919242973,-0.000611476490841382,-0.00075107730983844,-0.000204942627983113,-0.0100730663710415,0.00116434429945376,-0.000378275001753221,0.00357392088135324,-0.000513096221829395,0.00141838760533902,-0.00142977501613379,0.00129914616832802,-0.00028989276642505,0.000776543126157209,-0.00646772544277989,0.00148577966960773,0.000335587864674521,-0.00100331328315349,0.00100896703115665,0.00148407799626632,0.00114107355053994,0.00314890024235875,0.000467655390598302,-0.00136287884946807,0.00124446785820603,-0.000579753825314364,0.000808947046176706,-0.00181205609423809,-0.00348817924105774,-0.000556508722053995,0.0032713451794278,-0.000147377909400763,-0.00279796734794976,0.00851569854140982,0.000875352765878495,-0.000653332190114518,4.41468724180974e-05,-0.00482560348167413,0.00292444330291559,-0.000644980577633713,0.00102545242330441,-0.000989438618776897,0.00247703638336972,0.000852782886401457,-0.00327986039887947,-0.000567181512798203,-0.00084676111036465
-0.000305249436208494,-0.00291816917801366,-0.000696320140087477,0.00490886235847871,0.000310756023443611,0.00227702344273474,0.000346169176628008,0.00288933287135401,0.000341692666203137,0.0013617814077563,-0.000765939379076358,-0.00118742529158999,0.00110956878999648,0.000958328881842172,-0.000247268239407397,-0.0002632103214101,0.00238546232901643,0.000194411183546937,0.000169176379669132,-0.000807934148364972,-0.000338506976193502,0.000187200440915863,-0.00194501050451233,0.00115664291680915,-0.000383956723763648,0.000609579351677085,0.00224682870847833,0.000137579715231731,0.000243291280227032,0.00375325357249392,-0.000691321779407321,-0.00196929263628101,0.000782453730646281,0.00151736274122625,2.0963095377968e-05,0.000959730262577444,0.000637892509631814,0.00170203167561585,-0.00047626515561071,-0.000181340948580826,0.000920813612224957,0.00186508350438261,0.00273452435432481,-0.000487818228352543,-0.00177731814918038,-0.00026080954077533,0.00267374182581636,0.000156432288689816,0.00183331978259926,0.000728023210052835
-0.000234246026630679,0.00275203402348894,0.000492070768740953,-0.00218459384382298,-0.00139406022917936,-0.000526902264605521,0.0024068824523973,-0.00354557800321758,4.90450320133062e-05,-8.46107093845742e-05,8.52268860654788e-05,-0.000477075563945148,-0.00105101726026344,0.000565220670797133,0.00072380875422146,0.000950670879123221,0.000254897485098649,-0.00196013775994043,-2.2141914785402e-05,-0.000297430113093821,0.000776064077506374,-0.00453816762423691,-0.000136394825961813,0.000194849957874903,0.000257886438401584,-0.00164108233776225,-0.00129171628959384,0.000527314456629871,-0.00201611872817277,0.00169752229429444,0.000729996343507779,0.00198360642658331,0.000706520082682573,0.00119891926583105,-0.00162545192333672,-0.00191367699045078,0.0022094247030934,-0.00158848484952188,-0.00155304988037102,-0.000951169206607601,0.00483220144289266,-0.00157371241920048,0.000418208239634873,8.54757801879461e-05,0.000813351444195112,-0.00154159228664051,0.00072492742992285,-0.00169192742443285,0.000998977948648311,0.00113955727949293
0.000586785333802317,0.0021967718159513,0.000228725443456449,-0.00178622859850035,0.00152736715554468,8.31629795535429e-05,0.000782478615875015,-0.0084706051440364,0.000865909394804223,0.000920307684483662,-0.00135920186918217,-0.000175239969819414,-0.000892654062370862,-0.000750215691812919,-5.83573287804085e-06,-0.000390173746923505,-0.00138833055652064,0.00190362433040642,-0.000479835679177122,0.000791777310991629,-0.00146596838069307,0.000164119788976681,-0.000985271976485545,-0.000652612423777794,0.000926366138725494,0.000293630386186882,0.00197095188929887,-5.15396353171047e-05,-0.000244268721271295,-0.000631964448571376,0.00086040463704417,-0.00443902926439708,-0.000422649803854522,-0.000654497493349445,0.000411119466868155,0.00252291333171636,-0.00127152925343167,0.00198479432431731,-0.00118999315755202,-3.45826890230376e-05,0.00446247319232556,0.000723162392542262,-0.000692415414867019,-5.40831058009198e-05,-0.00259046909812639,-1.44052641022799e-05,-0.00122082385909021,0.00379051469166612,-0.000870220043777954,0.000928703061559039
0.000493596521592548,0.000288324194925783,0.00112791538781273,-0.00231489862455567,0.00106645504346234,0.000339501785242367,0.000183252897942679,-0.00183256210127732,-0.000737148611909922,-0.00122141752712122,0.00132684831431424,0.00123848352401633,-0.00196456931502643,0.000924409033108549,-3.22748758551292e-05,3.72483573664802e-06,-0.000351856837319796,0.000189179958240887,-0.00158559181964925,-0.00136180677516324,-0.00107804102998627,7.13588330941962e-05,0.000375054079122701,-0.000747828694642593,-0.00119939685488707,0.000697873116320101,0.000209725604708618,-0.00100257498748403,0.00357661172354979,-0.00109426254711452,0.000604489752377908,0.0024372023150212,-0.00123772447569399,-0.00196855961858494,0.000866988442385068,-0.00126796165298725,0.000688291987104238,0.0010258156099437,0.000808677638720001,0.000379085130886306,0.00130307774722971,0.00264833885560105,0.00126635057908281,-0.000874311671998031,-0.000685374940548662,-0.000669959639976797,0.000959715780715367,0.00110362593141419,0.000504990822306615,0.000999658716605514
-0.000989157219233499,-0.0031270415993701,-0.000659925099090753,0.000997844066742697,-0.000208032405569778,-0.00121194884353759,-0.00160444292504189,0.0092458228111469,-0.000677435956833392,-7.28004653869071e-06,-0.00052318849406052,-0.00104101390052698,0.000883053496130986,-0.000347235139114975,0.00100091516494861,-0.000646058891997384,-0.000803598508266575,-0.00641637304415828,-0.000391393775318661,0.000792731067333108,0.00136416220641809,-0.000477347186821504,-0.00205241881702121,-0.00160755430899132,0.00270909480336504,-0.0012412660348303,-0.00140976909907096,0.00231680982930675,-0.00176501888516035,-0.000834773257430691,0.00239827290957445,0.00114882123759053,-0.000903993525242676,-0.00233788235006911,-0.00112124594774028,0.000501871126500465,-0.000130923618431105,-0.0014918927572264,0.000878335261874489,0.000634225161955582,-0.00125739213884718,-0.00090967775155256,-0.00199276604984024,0.000296937813835386,0.00153785479041056,-0.00160962382911528,0.000884388891723732,0.000920699249266825,-0.000338227559100867,-0.000993712006482916
-6.16544548191572e-05,-0.00226604407741984,0.000400490023414448,0.00213776028097794,-0.00098362475450362,0.000547407194844811,0.000257703534474091,-0.00103598128615172,-0.000792440834618716,-0.00120295439206994,-0.00104773515464303,0.00106999137208783,0.000616787033223593,-0.000834341377179689,0.00106167854500205,1.1407171422833e-06,0.000359501808460159,0.00170635413706658,0.000298489887063354,-2.3371159643045e-05,-0.000817289439733223,-0.000290754237510354,-0.000199027144308513,-3.41283780317094e-05,6.86929665477761e-05,-0.00273283991305998,0.00254455932739309,0.000349962600942359,-0.00474922839639595,-0.00233644461135772,0.000457852180313548,-0.00264488713571452,0.000670287186823611,-0.00402064920340445,0.00206917843109056,-0.00335219180933961,0.00356589779524012,-0.00104086483697209,0.000910441861613886,-0.000411460574281262,-4.70709414713176e-05,0.00146953061257167,-0.000904157031911476,0.00132609256528557,0.000367013283233199,0.000587449751716371,-0.000590232030706695,-0.00166519126348321,-0.000768024044420096,0.00139228070178185
0.000178244355687725,0.00455822853183244,0.000515540626766049,0.00011744755677886,-0.000310392795728152,-0.00110940627526999,-0.000705021391746437,-0.00669124185947738,0.000287373537022622,0.00147138875471877,0.00348016483690311,-0.000225602091493658,0.000488229325184467,9.7787202882016e-05,-0.000352653049910698,-3.72168863894886e-05,0.00080955219583191,-0.0029013038075766,0.000738041070723876,0.00206690017662252,-0.000286933711953725,0.00145988750328074,-0.000612560353716372,0.0021359367824067,0.000568608588573184,0.00103079388783963,-0.000274120112894991,0.000978018407222174,0.00233463301168265,8.27300176879236e-06,0.001092826160712,-0.00141075724323433,0.00220919715013853,-3.05316850887228e-05,-0.000675552995072776,0.000569383581087358,0.00464069056177798,-0.000340910860930414,-0.000699586565137388,-0.000735518268764988,-0.00408189450129613,0.000945677244723972,0.000677622444192197,-0.000987787678904674,-0.000656872004580005,0.00087150910125485,0.00243728594218464,-0.00202588593777626,0.000688759836473279,-0.000109677184463198
-0.000487911300839885,0.000972876704331356,-0.000271131878065464,0.000157745764650145,-0.000302457134809298,0.000818760418399521,0.000626958584998703,-0.00124357059558328,-0.000788153591805193,-0.00174367483497883,-0.00157923092846215,0.000397733664591262,0.00143334120490322,0.00102522076512666,0.000638571694365241,0.000275623167818658,0.000545835025400807,-0.000405801427421262,0.000949989710559628,-2.83131194712513e-05,-6.13490214487757e-05,-0.0031008780478682,0.00158817658874924,0.000810286280315884,-0.000305450198676331,0.000695571733692613,-0.00212512852552658,-0.000494029800840001,0.00196129298854331,0.0023418804736811,0.00175383004144844,0.00321647777493209,0.000290097626642001,0.00180560462058604,-7.40051273061431e-05,0.00123405080318444,-0.00324339782307805,0.0014206329057507,-0.00168170675478249,0.000321684774622794,-0.000508526424093549,0.00277564666820965,0.000209053535265864,-0.000536819829887171,0.000356930716355276,-0.000130681710619005,0.00121482564734202,0.00226054806395997,0.00225212449894123,-0.00108432525799024
-0.00023003994113648,-0.000932580212910614,0.000274846093479943,0.000177594375597588,0.00111434132416923,-0.000460189495032179,0.000544784570846787,-0.000766113320663453,0.00084307081933532,5.78909894203182e-05,-0.00239354177426381,-0.000144809948607481,0.00107607730531229,-0.000226666501809196,0.000203550463311043,0.000921994800794563,-0.00120739536863945,0.00443356491032048,0.000600830993772025,-0.00131154953008775,0.000731805650860105,-0.00163820253533817,-0.000260530743506585,1.67964785768479e-05,0.000145160923350526,-0.000428627411793032,-0.00261812307466892,-0.000645323092104189,-0.000501943888380301,0.00152561619961392,0.000456913903335629,0.00171311206830823,-0.00141368710557798,-0.000938575741412845,0.000133168736810979,-0.00401433529199524,-0.00235912044560341,0.000121328020225917,0.00129910924647882,9.87804330354718e-05,0.00116960290622236,-0.0030520616301613,0.00016988542297106,-0.000677353881523567,-0.00243658100154148,-0.000295940431533479,-0.000351873072631786,0.00248021337535862,0.00108272724736843,0.002482308346343
0.00090607091270049,-0.00283577653119601,-0.00220270428355274,-0.00375655464451131,-0.00048272872362613,0.0012352239308383,-0.000946530471893887,0.00639683815904772,-0.000957873526760792,0.00106521446229931,0.00470200686551636,4.5914874756067e-05,-0.00265296855961446,-0.000169214319297084,-0.00217210735778998,-0.000633494564994736,-0.000237005612474752,0.00351187796110918,-0.000582962700225389,0.00159387438245106,0.000655312395767405,-0.000120968973843079,0.00104996404626486,-0.000374310090181072,0.00114231597321877,0.00233720180365124,0.000137468494395692,0.000600408117478041,0.00183699429805292,0.000159038717499441,0.00417299732108359,-0.00162657918763373,0.00130065854387499,0.000346827973984985,0.000334007206242125,0.00280120974027148,0.00475225875657873,-0.00274620051389497,0.00275612114747437,0.000135063595927939,0.0035815650352109,-0.0014543016483449,-0.000529786856937928,0.00187257865000154,0.00054087478568035,0.00126704977836411,-0.00166432763963531,0.00146909746244628,-0.00194556326661394,-0.00193808411440982
0.000318390987390381,0.0030693069246999,-0.000406408222237658,-0.00192729473120181,-0.000878866419233733,-0.000648951761854377,-0.00161611413723693,-0.0045798500931027,-7.58828898875182e-05,0.00111467368759767,-0.00308795767013687,0.000654676884976394,0.000380993041245006,0.000193877359453812,0.000520128583144081,-1.61976493429431e-06,-0.000290808119689315,0.00206732702394699,0.00173056954224847,-7.84960243695772e-05,-0.000455806402323901,0.00538461115912623,-0.000402785991159033,6.8333897357641e-05,0.000311563839101649,-0.00101338705746217,0.00163881508652481,-0.00291324059733649,0.00340025214581266,-0.00109848271491506,-0.0015750501080002,-0.00137196536761951,-0.000298498550562255,-0.00347762205720832,0.000423593761422196,0.00113401007877655,-0.00488257088434989,0.00141064669911715,0.00166498240008531,-4.69811209460625e-05,0.00199324930796716,0.000898478699524318,-0.00174721358760854,-0.00148964312579297,0.00140874835490014,0.00138106544114108,-0.00339750500432651,0.0002213000168232,0.000142982080435492,-0.00417739559641299
0.00028730369986576,0.00172063988670341,-0.000643097899933469,0.000177219782968726,-0.000329601569473664,-0.0004758594201015,0.00204316543223036,0.00294764061337109,0.000280462789281486,0.00192591537056737,0.0017549262952459,-0.00037064133807235,0.00173684508316045,0.00033527841157739,-0.000348134110574731,0.000339546733994054,-0.00013418280674091,8.69283395633401e-05,0.0012506834834988,7.54953887317289e-05,0.0019413767072148,0.000784842628170651,-0.00165223308542352,-0.000906097196659754,0.00161845817683546,-8.99564515355256e-05,0.00116438192405506,-0.00135943045956255,-0.00169044634963944,-0.00123484347794767,-0.00234443272256435,0.00244917158128418,0.00176607294846415,0.00108026075576108,0.000725181672542822,-0.00274432360602824,-0.00311238533246441,-0.00095351438665447,0.000177346816366419,-0.000161980609545625,0.00573371963216112,-0.000290840777961801,-0.000208051130629815,-0.00066550897343364,0.000946854692941263,-0.000254649447988721,-0.00227455429360153,0.0003529257478316,0.00108896238546595,-0.00125198986917789
-0.000388785867326975,0.000930071738111085,-0.000427185946612669,-0.000423349633676552,0.00271749018535715,-0.000767991267853332,0.000588819537910668,-0.000238064226355165,0.00098377258810977,0.000640806459150763,0.00265090763610846,0.00085293963465912,0.00248873019002886,0.000835346127521548,-0.000590303529663487,-0.000893956361534565,0.000235980336710967,-0.00265596726898077,-0.000961968425280808,0.0020797270035498,0.000665015784522553,-0.00539141200522726,0.000649108514578247,-0.000228390952287601,-0.0029971076647658,-0.00053062310396528,-0.000201000792534476,0.00231284831288394,-0.00286717979040019,-0.0017918468352441,-0.00355388596274853,-0.00333051254540523,0.00376167761263846,-0.00134371486388921,-0.000675067713714625,0.00135227094118381,0.000588601483638455,-0.00166150604997369,0.00010599170674606,-0.00103710117758028,-0.001163155174398,-0.000460873164932553,-0.00160402253308359,0.00210646418222489,0.000700087508306942,0.00132173191029508,-0.00219902895536585,0.000736315635183512,-0.000572307221594174,-0.0049878190827586
9.09192579233095e-05,-0.0114912788143074,0.000625191928459817,-0.000214313057845328,0.00117176554721617,0.00205204432576002,0.00168838610496435,-0.00155588836702569,-0.00249144541949984,0.00100130021373812,-0.00101577052392434,0.000719101731660747,-0.00113380118318968,7.12926917050756e-05,-0.0014545966383308,-0.000881703550397254,-2.33144903504783e-05,-0.00494692636753319,-0.00179432602177363,-0.000356119990720507,0.00158411376363979,0.00128221386628289,-0.00197494602078461,-0.00103346017493304,-0.000305708374425789,0.00120231269778516,0.00173448382397953,-0.00202152463964643,-0.00171237241817272,-0.00136860068857615,-0.00374581268805163,0.00221317139266796,0.000161663579726046,-0.000225220729521812,0.000256059063157054,-0.00239107974939666,0.00454490104076811,0.000449997499833959,-7.31421458551428e-05,0.0010673587004605,-0.00522192157105378,-0.000193122461287527,0.000528010836070595,0.000560156720449895,-0.00104205038874305,-0.000856626713999601,-0.000860667219230739,0.00237006290048282,0.00077557375733251,0.000937427589882805
0.000613770736283266,-0.00307661733998453,-0.000680667785590304,0.00218884404923947,0.000943186743488048,-0.00237674356912546,0.000301399514739449,0.00704314925910158,0.00121167922249122,0.000424388002461961,0.00129802828224312,0.000435563825130781,-0.00425473080974799,-0.00154199385091085,-0.00196366214076125,-0.000795817926945749,-9.81218052582268e-05,-0.000133687901024685,-0.000943671784463139,0.000724145428743407,0.00311536849774996,-0.00362817444883639,0.0033441687603668,-0.000355904203370503,0.00106410548567921,0.000174908790787652,-0.00249425746655223,0.00214504810837226,0.00191246456489104,0.00138705998362679,0.00301437340424758,-0.00105568424255153,-0.00229166295805689,0.000802595909908816,-0.000435038807848313,0.00475093958809091,-0.00269534024610196,0.000564442003708121,0.000545129930694064,0.000337489037490291,-0.00221707676973259,-0.00258982213624147,0.000121116896954035,0.0010931203180667,-0.000370585723714426,-0.000212813572275245,0.00463975851065395,0.00586297564030221,-0.00257238597232752,0.00241776723222407
-9.82542045325545e-05,-0.00122480665264155,-7.7238910799088e-05,0.00178793232821932,-0.000295654626417786,0.000142984625883945,-0.00174148120884104,0.00763107532916459,0.000252705153042339,-0.000330363651511503,-0.00383090592075956,-0.00026094134679314,0.000182289262747632,0.000406561721525525,0.000784340526329166,-0.000565400718740827,0.000858242285624291,0.00296029665641647,-0.000107378798607754,-4.83051439833135e-05,-0.00154719507988706,0.00357733825875894,-0.000368821525449928,-0.0010621920702994,-0.00272172873378615,0.000813091157304926,-0.000262491363215408,-0.00029791895498888,0.000335050829265359,0.000930019672501632,0.0022294658241261,0.0011273792327518,-0.00375132110732536,-0.0042230672757725,0.000712125162709838,0.00410556789223859,-0.00182813835589902,0.00048001392890911,0.000140968768824856,-0.000710886921507232,0.00136276202436121,0.000564843755418959,-0.000974159154196089,0.000268330428607818,0.00210189124306334,-0.000262844582156161,0.00291379698587474,-0.00169137900212497,-0.000478005160566585,-0.000345532498558438
-0.0011811351048052,0.00298794900421139,0.00228331535954476,0.00129038751697279,-0.00153710317365014,0.000543016930360406,-0.00122914043274022,-0.00102064884509687,-0.000158354850416143,-0.00205684558893206,0.00144777425055455,-7.0890080727999e-05,-0.000649245011226992,0.0011927248603327,0.000254939318024391,0.00025689324825153,0.00206514239881453,0.000383651695376954,-0.000377139400214464,-0.000568528055763946,-0.00223987076278156,0.00695667568064949,7.59273517930809e-05,0.00049876752547085,0.00140197274895303,0.00217485703100596,-0.000282515070657977,-0.000999480424145515,-0.000222483272982729,-0.000497917728280219,-0.0020152312247827,0.00472412130036494,-0.00114959321002535,0.00267198150359779,-0.000668974705257352,0.00254385626973482,0.000626382688722897,0.00140427544622158,-0.00105753579492885,-2.62466734527839e-05,0.000674418800866144,0.00190530717533826,-6.92445964135629e-05,-0.00214435175094326,0.000250775871710679,-0.000529541455517861,-0.000878642995171688,-0.00306819236722629,0.000720015975239399,0.00134042199803859
-0.000595304159499139,0.00505139466966311,0.000148173479994929,-0.000251903115028911,-1.36400855532877e-05,0.00052082479422847,0.000380832469800378,-0.00606436070612985,0.000635341301352256,-0.00159374088384239,0.00182624820024626,-0.00156800800978853,0.000815614306799116,-0.000297358013844597,-5.25360404443551e-05,0.00185577431103715,-0.000384904287195951,0.00337726885846745,-3.89044572713364e-05,-0.00231533251431365,-0.00138089412523405,-0.000293580641852424,0.000503575313610245,0.00135024897888207,-0.00101799544594277,0.000815992832718565,-0.00184794104516156,0.00118885587722263,-0.00507255415876868,-0.000301902967862133,-0.00203676592972061,0.000976547962293806,-5.84544993149806e-05,0.00650637309861893,-0.00136942060005054,-0.00265061492557119,-0.00489044015596408,-0.00107688032330718,-0.00108036430671716,0.000638006580479771,-0.000694622656982609,-0.000115291772435872,0.00257669420720895,-0.000814208139912397,-0.000223162404389405,-0.00107405458908402,-0.00344436514195431,-0.00500470932600971,0.000259516621182944,-0.000165315480597163
